row_index,pair_index,name_1,name_2,effective_utilization,fidelity,util_source,fidelity_source,backend,shots,csv_effective_utilization,csv_fidelity,job_id,json_file,utilization_file
0,0,GHZ-12,W-STATE-4,0.11104684788895314,0.7503121616496682,utilization_file,hellinger_mean,ibm_torino,1000,0.547008547008547,0.7892322209919782,d63sdfio8gvs73f3pc7g,/work/nvme/betu/lily/QOS/ibm_quantum/jobs/util60/fidelity/pair_00000_GHZ-12__W-STATE-4.json,/work/nvme/betu/lily/QOS/ibm_quantum/jobs/sweep_util60_00000_GHZ-12__W-STATE-4_utilization.json
1,1,BV-4,BV-12,0.11027568922305762,0.27524999999999944,utilization_file,hellinger_mean,ibm_torino,1000,0.5432098765432098,0.86,d63sdjns6ggc73fiajvg,/work/nvme/betu/lily/QOS/ibm_quantum/jobs/util60/fidelity/pair_00001_BV-4__BV-12.json,/work/nvme/betu/lily/QOS/ibm_quantum/jobs/sweep_util60_00001_BV-4__BV-12_utilization.json
2,2,BV-12,QAOA-R3-4,0.06874328678839955,0.5818622618859535,utilization_file,hellinger_mean,ibm_torino,1000,0.3386243386243386,0.8841463472126609,d63sdnio8gvs73f3pcg0,/work/nvme/betu/lily/QOS/ibm_quantum/jobs/util60/fidelity/pair_00002_BV-12__QAOA-R3-4.json,/work/nvme/betu/lily/QOS/ibm_quantum/jobs/sweep_util60_00002_BV-12__QAOA-R3-4_utilization.json
3,3,QAOA-P1-6,W-STATE-10,0.11385606874328678,0.8265619637624386,utilization_file,hellinger_mean,ibm_torino,1000,0.5608465608465609,0.7777296024629643,d63sdrbc4tus73ff0nb0,/work/nvme/betu/lily/QOS/ibm_quantum/jobs/util60/fidelity/pair_00003_QAOA-P1-6__W-STATE-10.json,/work/nvme/betu/lily/QOS/ibm_quantum/jobs/sweep_util60_00003_QAOA-P1-6__W-STATE-10_utilization.json
4,4,HS-1-4,VQE-1-12,0.10526315789473684,0.7610955597277834,utilization_file,hellinger_mean,ibm_torino,1000,0.5185185185185185,0.82249250171919,d63sdvbtraac73bhm2s0,/work/nvme/betu/lily/QOS/ibm_quantum/jobs/util60/fidelity/pair_00004_HS-1-4__VQE-1-12.json,/work/nvme/betu/lily/QOS/ibm_quantum/jobs/sweep_util60_00004_HS-1-4__VQE-1-12_utilization.json
5,5,HS-1-12,QAOA-R3-4,0.09452201933404941,0.8338116098342641,utilization_file,hellinger_mean,ibm_torino,1000,0.4656084656084656,0.8110857315407949,d63se3bc4tus73ff0nk0,/work/nvme/betu/lily/QOS/ibm_quantum/jobs/util60/fidelity/pair_00005_HS-1-12__QAOA-R3-4.json,/work/nvme/betu/lily/QOS/ibm_quantum/jobs/sweep_util60_00005_HS-1-12__QAOA-R3-4_utilization.json
6,6,GHZ-4,GHZ-12,0.10179294389820705,0.7436229518380857,utilization_file,hellinger_mean,ibm_torino,1000,0.5014245014245015,0.7954378814131193,d63se7bc4tus73ff0npg,/work/nvme/betu/lily/QOS/ibm_quantum/jobs/util60/fidelity/pair_00006_GHZ-4__GHZ-12.json,/work/nvme/betu/lily/QOS/ibm_quantum/jobs/sweep_util60_00006_GHZ-4__GHZ-12_utilization.json
7,7,HS-1-10,QAOA-R3-6,0.09165771571786609,0.9053006289846126,utilization_file,hellinger_mean,ibm_torino,1000,0.4514991181657848,0.845965175444469,d63sebbtraac73bhm3b0,/work/nvme/betu/lily/QOS/ibm_quantum/jobs/util60/fidelity/pair_00007_HS-1-10__QAOA-R3-6.json,/work/nvme/betu/lily/QOS/ibm_quantum/jobs/sweep_util60_00007_HS-1-10__QAOA-R3-6_utilization.json
8,8,HS-1-12,TL-1-4,0.10426065162907268,0.8287767354674382,utilization_file,hellinger_mean,ibm_torino,1000,0.5135802469135803,0.801842031646887,d63sefbtraac73bhm3g0,/work/nvme/betu/lily/QOS/ibm_quantum/jobs/util60/fidelity/pair_00008_HS-1-12__TL-1-4.json,/work/nvme/betu/lily/QOS/ibm_quantum/jobs/sweep_util60_00008_HS-1-12__TL-1-4_utilization.json
9,9,BV-4,VQE-1-12,0.10311493018259935,0.47009602352029256,utilization_file,hellinger_mean,ibm_torino,1000,0.5079365079365079,0.8134999999999999,d63sejfs6ggc73fial90,/work/nvme/betu/lily/QOS/ibm_quantum/jobs/util60/fidelity/pair_00009_BV-4__VQE-1-12.json,/work/nvme/betu/lily/QOS/ibm_quantum/jobs/sweep_util60_00009_BV-4__VQE-1-12_utilization.json
10,10,BV-10,QAOA-R3-6,0.08091657715717865,0.5757761224607135,utilization_file,hellinger_mean,ibm_torino,1000,0.3985890652557319,0.8437003193508321,d63sen3c4tus73ff0of0,/work/nvme/betu/lily/QOS/ibm_quantum/jobs/util60/fidelity/pair_00010_BV-10__QAOA-R3-6.json,/work/nvme/betu/lily/QOS/ibm_quantum/jobs/sweep_util60_00010_BV-10__QAOA-R3-6_utilization.json
11,11,TL-1-6,W-STATE-10,0.0945220193340494,0.8438744589920444,utilization_file,hellinger_mean,ibm_torino,1000,0.4656084656084656,0.803007892543105,d63ser3c4tus73ff0ol0,/work/nvme/betu/lily/QOS/ibm_quantum/jobs/util60/fidelity/pair_00011_TL-1-6__W-STATE-10.json,/work/nvme/betu/lily/QOS/ibm_quantum/jobs/sweep_util60_00011_TL-1-6__W-STATE-10_utilization.json
12,12,QAOA-R3-10,TL-1-6,0.0887218045112782,0.8221199917994266,utilization_file,hellinger_mean,ibm_torino,1000,0.437037037037037,0.753380628598437,d63sev7s6ggc73fialp0,/work/nvme/betu/lily/QOS/ibm_quantum/jobs/util60/fidelity/pair_00012_QAOA-R3-10__TL-1-6.json,/work/nvme/betu/lily/QOS/ibm_quantum/jobs/sweep_util60_00012_QAOA-R3-10__TL-1-6_utilization.json
13,13,QSVM-10,TL-1-6,0.09284079764628964,0.8198651359221696,utilization_file,hellinger_mean,ibm_torino,1000,0.4573268921095008,0.7310228884944368,d63sf33c4tus73ff0p00,/work/nvme/betu/lily/QOS/ibm_quantum/jobs/util60/fidelity/pair_00013_QSVM-10__TL-1-6.json,/work/nvme/betu/lily/QOS/ibm_quantum/jobs/sweep_util60_00013_QSVM-10__TL-1-6_utilization.json
14,14,QSVM-8,VQE-1-8,0.09180846853977047,0.8171894542494054,utilization_file,hellinger_mean,ibm_torino,1000,0.45224171539961,0.8212179098409604,d63sf7jc4tus73ff0p6g,/work/nvme/betu/lily/QOS/ibm_quantum/jobs/util60/fidelity/pair_00014_QSVM-8__VQE-1-8.json,/work/nvme/betu/lily/QOS/ibm_quantum/jobs/sweep_util60_00014_QSVM-8__VQE-1-8_utilization.json
15,15,HS-1-6,QAOA-R3-10,0.0887218045112782,0.8256265561251255,utilization_file,hellinger_mean,ibm_torino,1000,0.437037037037037,0.7600513893490102,d63sfcfs6ggc73fiamc0,/work/nvme/betu/lily/QOS/ibm_quantum/jobs/util60/fidelity/pair_00015_HS-1-6__QAOA-R3-10.json,/work/nvme/betu/lily/QOS/ibm_quantum/jobs/sweep_util60_00015_HS-1-6__QAOA-R3-10_utilization.json
16,16,QAOA-P1-12,W-STATE-4,0.09774436090225562,0.5935077828664428,utilization_file,hellinger_mean,ibm_torino,1000,0.4814814814814814,0.4925622758633919,d63sfhns6ggc73fiaml0,/work/nvme/betu/lily/QOS/ibm_quantum/jobs/util60/fidelity/pair_00016_QAOA-P1-12__W-STATE-4.json,/work/nvme/betu/lily/QOS/ibm_quantum/jobs/sweep_util60_00016_QAOA-P1-12__W-STATE-4_utilization.json
17,17,QAOA-R3-12,VQE-1-4,0.09690893901420215,0.6826713735326599,utilization_file,hellinger_mean,ibm_torino,1000,0.4773662551440329,0.5837032001057079,d63sfmfs6ggc73fiamsg,/work/nvme/betu/lily/QOS/ibm_quantum/jobs/util60/fidelity/pair_00017_QAOA-R3-12__VQE-1-4.json,/work/nvme/betu/lily/QOS/ibm_quantum/jobs/sweep_util60_00017_QAOA-R3-12__VQE-1-4_utilization.json
18,18,HS-1-6,W-STATE-10,0.0945220193340494,0.8571106478306258,utilization_file,hellinger_mean,ibm_torino,1000,0.4656084656084656,0.7985677096506938,d63sfr3c4tus73ff0pv0,/work/nvme/betu/lily/QOS/ibm_quantum/jobs/util60/fidelity/pair_00018_HS-1-6__W-STATE-10.json,/work/nvme/betu/lily/QOS/ibm_quantum/jobs/sweep_util60_00018_HS-1-6__W-STATE-10_utilization.json
19,19,BV-4,GHZ-12,0.10410641989589356,0.49806146302392323,utilization_file,hellinger_mean,ibm_torino,1000,0.5128205128205129,0.8097580945838447,d63sg0qo8gvs73f3pf90,/work/nvme/betu/lily/QOS/ibm_quantum/jobs/util60/fidelity/pair_00019_BV-4__GHZ-12.json,/work/nvme/betu/lily/QOS/ibm_quantum/jobs/sweep_util60_00019_BV-4__GHZ-12_utilization.json
20,20,BV-6,QAOA-R3-10,0.08721804511278196,0.4782467167466157,utilization_file,hellinger_mean,ibm_torino,1000,0.4296296296296296,0.7238337115511037,d63sgabtraac73bhm60g,/work/nvme/betu/lily/QOS/ibm_quantum/jobs/util60/fidelity/pair_00020_BV-6__QAOA-R3-10.json,/work/nvme/betu/lily/QOS/ibm_quantum/jobs/sweep_util60_00020_BV-6__QAOA-R3-10_utilization.json
21,21,BV-12,HS-1-4,0.11361737677527149,0.5699362257905878,utilization_file,hellinger_mean,ibm_torino,1000,0.5596707818930041,0.8705596624644731,d63sge3c4tus73ff0qn0,/work/nvme/betu/lily/QOS/ibm_quantum/jobs/util60/fidelity/pair_00021_BV-12__HS-1-4.json,/work/nvme/betu/lily/QOS/ibm_quantum/jobs/sweep_util60_00021_BV-12__HS-1-4_utilization.json
22,22,GHZ-10,HS-1-6,0.11209842788790157,0.8526612706529098,utilization_file,hellinger_mean,ibm_torino,1000,0.5521885521885522,0.8487515787432305,d63sgjbtraac73bhm6fg,/work/nvme/betu/lily/QOS/ibm_quantum/jobs/util60/fidelity/pair_00022_GHZ-10__HS-1-6.json,/work/nvme/betu/lily/QOS/ibm_quantum/jobs/sweep_util60_00022_GHZ-10__HS-1-6_utilization.json
23,23,GHZ-6,GHZ-10,0.10389610389610389,0.7648871103767534,utilization_file,hellinger_mean,ibm_torino,1000,0.5117845117845118,0.79003599452522,d63sgn3traac73bhm6lg,/work/nvme/betu/lily/QOS/ibm_quantum/jobs/util60/fidelity/pair_00023_GHZ-6__GHZ-10.json,/work/nvme/betu/lily/QOS/ibm_quantum/jobs/sweep_util60_00023_GHZ-6__GHZ-10_utilization.json
24,24,BV-4,TL-1-12,0.10225563909774435,0.561426901307251,utilization_file,hellinger_mean,ibm_torino,1000,0.5037037037037037,0.7689997556259014,d63sgr3traac73bhm6qg,/work/nvme/betu/lily/QOS/ibm_quantum/jobs/util60/fidelity/pair_00024_BV-4__TL-1-12.json,/work/nvme/betu/lily/QOS/ibm_quantum/jobs/sweep_util60_00024_BV-4__TL-1-12_utilization.json
25,25,BV-12,VQE-1-4,0.11027568922305762,0.507313125399077,utilization_file,hellinger_mean,ibm_torino,1000,0.5432098765432098,0.8335000000000001,d63sgv7s6ggc73fiaoug,/work/nvme/betu/lily/QOS/ibm_quantum/jobs/util60/fidelity/pair_00025_BV-12__VQE-1-4.json,/work/nvme/betu/lily/QOS/ibm_quantum/jobs/sweep_util60_00025_BV-12__VQE-1-4_utilization.json
26,26,QAOA-R3-4,W-STATE-12,0.11548872180451125,0.7978038359954818,utilization_file,hellinger_mean,ibm_torino,1000,0.5688888888888889,0.7724610529644793,d63sh4ns6ggc73fiap6g,/work/nvme/betu/lily/QOS/ibm_quantum/jobs/util60/fidelity/pair_00026_QAOA-R3-4__W-STATE-12.json,/work/nvme/betu/lily/QOS/ibm_quantum/jobs/sweep_util60_00026_QAOA-R3-4__W-STATE-12_utilization.json
27,27,HS-1-10,TL-1-6,0.1064198958935801,0.906975993869037,utilization_file,hellinger_mean,ibm_torino,1000,0.5242165242165242,0.8567988082387032,d63shdao8gvs73f3ph30,/work/nvme/betu/lily/QOS/ibm_quantum/jobs/util60/fidelity/pair_00027_HS-1-10__TL-1-6.json,/work/nvme/betu/lily/QOS/ibm_quantum/jobs/sweep_util60_00027_HS-1-10__TL-1-6_utilization.json
28,28,HS-1-12,QSVM-4,0.11228070175438595,0.8271369880254582,utilization_file,hellinger_mean,ibm_torino,1000,0.5530864197530864,0.799595460309682,d63shhbtraac73bhm7m0,/work/nvme/betu/lily/QOS/ibm_quantum/jobs/util60/fidelity/pair_00028_HS-1-12__QSVM-4.json,/work/nvme/betu/lily/QOS/ibm_quantum/jobs/sweep_util60_00028_HS-1-12__QSVM-4_utilization.json
29,29,BV-12,W-STATE-4,0.12030075187969924,0.5424999999999996,utilization_file,hellinger_mean,ibm_torino,1000,0.5925925925925926,0.8275,d63shlns6ggc73fiapu0,/work/nvme/betu/lily/QOS/ibm_quantum/jobs/util60/fidelity/pair_00029_BV-12__W-STATE-4.json,/work/nvme/betu/lily/QOS/ibm_quantum/jobs/sweep_util60_00029_BV-12__W-STATE-4_utilization.json
30,30,QSVM-4,QSVM-12,0.10247841826789195,0.668664600997539,utilization_file,hellinger_mean,ibm_torino,1000,0.50480109739369,0.6149707487713125,d63shqrc4tus73ff0sm0,/work/nvme/betu/lily/QOS/ibm_quantum/jobs/util60/fidelity/pair_00030_QSVM-4__QSVM-12.json,/work/nvme/betu/lily/QOS/ibm_quantum/jobs/sweep_util60_00030_QSVM-4__QSVM-12_utilization.json
31,31,BV-8,TL-1-8,0.10389610389610389,0.6077237537642382,utilization_file,hellinger_mean,ibm_torino,1000,0.5117845117845117,0.8720081391735576,d63si0bc4tus73ff0st0,/work/nvme/betu/lily/QOS/ibm_quantum/jobs/util60/fidelity/pair_00031_BV-8__TL-1-8.json,/work/nvme/betu/lily/QOS/ibm_quantum/jobs/sweep_util60_00031_BV-8__TL-1-8_utilization.json
32,32,BV-6,GHZ-10,0.10799726589200274,0.5232798888767797,utilization_file,hellinger_mean,ibm_torino,1000,0.531986531986532,0.8034799355220175,d63si5jc4tus73ff0t6g,/work/nvme/betu/lily/QOS/ibm_quantum/jobs/util60/fidelity/pair_00032_BV-6__GHZ-10.json,/work/nvme/betu/lily/QOS/ibm_quantum/jobs/sweep_util60_00032_BV-6__GHZ-10_utilization.json
33,33,TL-1-4,W-STATE-12,0.09864661654135336,0.8383382556103309,utilization_file,hellinger_mean,ibm_torino,1000,0.4859259259259259,0.7530592632162065,d63si9bc4tus73ff0tbg,/work/nvme/betu/lily/QOS/ibm_quantum/jobs/util60/fidelity/pair_00033_TL-1-4__W-STATE-12.json,/work/nvme/betu/lily/QOS/ibm_quantum/jobs/sweep_util60_00033_TL-1-4__W-STATE-12_utilization.json
34,34,QAOA-R3-4,VQE-1-12,0.09022556390977442,0.773395709037302,utilization_file,hellinger_mean,ibm_torino,1000,0.4444444444444444,0.8290929652287318,d63sidao8gvs73f3pi6g,/work/nvme/betu/lily/QOS/ibm_quantum/jobs/util60/fidelity/pair_00034_QAOA-R3-4__VQE-1-12.json,/work/nvme/betu/lily/QOS/ibm_quantum/jobs/sweep_util60_00034_QAOA-R3-4__VQE-1-12_utilization.json
35,35,BV-10,HS-1-6,0.11578947368421051,0.5796714714815111,utilization_file,hellinger_mean,ibm_torino,1000,0.5703703703703704,0.848470692175094,d63sih3traac73bhm940,/work/nvme/betu/lily/QOS/ibm_quantum/jobs/util60/fidelity/pair_00035_BV-10__HS-1-6.json,/work/nvme/betu/lily/QOS/ibm_quantum/jobs/sweep_util60_00035_BV-10__HS-1-6_utilization.json
36,36,VQE-1-6,W-STATE-10,0.09237379162191192,0.7350798018458939,utilization_file,hellinger_mean,ibm_torino,1000,0.455026455026455,0.755787425866061,d63sil3c4tus73ff0trg,/work/nvme/betu/lily/QOS/ibm_quantum/jobs/util60/fidelity/pair_00036_VQE-1-6__W-STATE-10.json,/work/nvme/betu/lily/QOS/ibm_quantum/jobs/sweep_util60_00036_VQE-1-6__W-STATE-10_utilization.json
37,37,QSVM-8,W-STATE-8,0.11396913335971508,0.8140777222432389,utilization_file,hellinger_mean,ibm_torino,1000,0.5614035087719298,0.8227105153618233,d63siqbtraac73bhm9g0,/work/nvme/betu/lily/QOS/ibm_quantum/jobs/util60/fidelity/pair_00037_QSVM-8__W-STATE-8.json,/work/nvme/betu/lily/QOS/ibm_quantum/jobs/sweep_util60_00037_QSVM-8__W-STATE-8_utilization.json
38,38,GHZ-6,QAOA-R3-10,0.08571428571428572,0.7363185409349242,utilization_file,hellinger_mean,ibm_torino,1000,0.4222222222222222,0.7323191224226182,d63sivbtraac73bhm9m0,/work/nvme/betu/lily/QOS/ibm_quantum/jobs/util60/fidelity/pair_00038_GHZ-6__QAOA-R3-10.json,/work/nvme/betu/lily/QOS/ibm_quantum/jobs/sweep_util60_00038_GHZ-6__QAOA-R3-10_utilization.json
39,39,BV-6,QSVM-10,0.09087937234390324,0.51060485986629,utilization_file,hellinger_mean,ibm_torino,1000,0.4476650563607085,0.6952090058816467,d63sj3bc4tus73ff0ugg,/work/nvme/betu/lily/QOS/ibm_quantum/jobs/util60/fidelity/pair_00039_BV-6__QSVM-10.json,/work/nvme/betu/lily/QOS/ibm_quantum/jobs/sweep_util60_00039_BV-6__QSVM-10_utilization.json
40,40,QSVM-10,VQE-1-6,0.09087937234390324,0.7089140853022826,utilization_file,hellinger_mean,ibm_torino,1000,0.4476650563607085,0.718711971078613,d63sj73c4tus73ff0umg,/work/nvme/betu/lily/QOS/ibm_quantum/jobs/util60/fidelity/pair_00040_QSVM-10__VQE-1-6.json,/work/nvme/betu/lily/QOS/ibm_quantum/jobs/sweep_util60_00040_QSVM-10__VQE-1-6_utilization.json
41,41,BV-10,GHZ-6,0.10676691729323308,0.5189415808112107,utilization_file,hellinger_mean,ibm_torino,1000,0.5259259259259259,0.8038846828964659,d63sjb7s6ggc73fias3g,/work/nvme/betu/lily/QOS/ibm_quantum/jobs/util60/fidelity/pair_00041_BV-10__GHZ-6.json,/work/nvme/betu/lily/QOS/ibm_quantum/jobs/sweep_util60_00041_BV-10__GHZ-6_utilization.json
42,42,HS-1-10,VQE-1-6,0.10294968189705031,0.8244656322373659,utilization_file,hellinger_mean,ibm_torino,1000,0.5071225071225072,0.8133898176605517,d63sjgio8gvs73f3pji0,/work/nvme/betu/lily/QOS/ibm_quantum/jobs/util60/fidelity/pair_00042_HS-1-10__VQE-1-6.json,/work/nvme/betu/lily/QOS/ibm_quantum/jobs/sweep_util60_00042_HS-1-10__VQE-1-6_utilization.json
43,43,GHZ-8,VQE-1-8,0.11428571428571427,0.7545636733752656,utilization_file,hellinger_mean,ibm_torino,1000,0.5629629629629629,0.7969709925909805,d63sjlio8gvs73f3pjog,/work/nvme/betu/lily/QOS/ibm_quantum/jobs/util60/fidelity/pair_00043_GHZ-8__VQE-1-8.json,/work/nvme/betu/lily/QOS/ibm_quantum/jobs/sweep_util60_00043_GHZ-8__VQE-1-8_utilization.json
44,44,VQE-1-8,W-STATE-8,0.0955329500221141,0.803082797647602,utilization_file,hellinger_mean,ibm_torino,1000,0.4705882352941176,0.7659999999999999,d63sjqrc4tus73ff0vm0,/work/nvme/betu/lily/QOS/ibm_quantum/jobs/util60/fidelity/pair_00044_VQE-1-8__W-STATE-8.json,/work/nvme/betu/lily/QOS/ibm_quantum/jobs/sweep_util60_00044_VQE-1-8__W-STATE-8_utilization.json
45,45,GHZ-12,QSVM-4,0.11567379988432619,0.778846469493841,utilization_file,hellinger_mean,ibm_torino,1000,0.5698005698005698,0.8352485103623345,d63sk03traac73bhmb3g,/work/nvme/betu/lily/QOS/ibm_quantum/jobs/util60/fidelity/pair_00045_GHZ-12__QSVM-4.json,/work/nvme/betu/lily/QOS/ibm_quantum/jobs/sweep_util60_00045_GHZ-12__QSVM-4_utilization.json
46,46,QAOA-P1-12,QSVM-4,0.09941520467836255,0.6096528446281373,utilization_file,hellinger_mean,ibm_torino,1000,0.4897119341563785,0.5285626183091656,d63sk5btraac73bhmb9g,/work/nvme/betu/lily/QOS/ibm_quantum/jobs/util60/fidelity/pair_00046_QAOA-P1-12__QSVM-4.json,/work/nvme/betu/lily/QOS/ibm_quantum/jobs/sweep_util60_00046_QAOA-P1-12__QSVM-4_utilization.json
47,47,GHZ-12,TL-1-4,0.10641989589358009,0.788051546825528,utilization_file,hellinger_mean,ibm_torino,1000,0.5242165242165242,0.8406020866196102,d63skajtraac73bhmbfg,/work/nvme/betu/lily/QOS/ibm_quantum/jobs/util60/fidelity/pair_00047_GHZ-12__TL-1-4.json,/work/nvme/betu/lily/QOS/ibm_quantum/jobs/sweep_util60_00047_GHZ-12__TL-1-4_utilization.json
48,48,QAOA-P1-8,QSVM-8,0.11713494261970717,0.8636500664438762,utilization_file,hellinger_mean,ibm_torino,1000,0.5769980506822612,0.8400241605905532,d63skejtraac73bhmbl0,/work/nvme/betu/lily/QOS/ibm_quantum/jobs/util60/fidelity/pair_00048_QAOA-P1-8__QSVM-8.json,/work/nvme/betu/lily/QOS/ibm_quantum/jobs/sweep_util60_00048_QAOA-P1-8__QSVM-8_utilization.json
49,49,BV-8,QSVM-8,0.0854768500197863,0.5794143247546232,utilization_file,hellinger_mean,ibm_torino,1000,0.4210526315789473,0.8491469259980888,d63skjrc4tus73ff10q0,/work/nvme/betu/lily/QOS/ibm_quantum/jobs/util60/fidelity/pair_00049_BV-8__QSVM-8.json,/work/nvme/betu/lily/QOS/ibm_quantum/jobs/sweep_util60_00049_BV-8__QSVM-8_utilization.json
50,50,QAOA-R3-4,QAOA-R3-12,0.11361737677527149,0.6728557474488968,utilization_file,hellinger_mean,ibm_torino,1000,0.5596707818930041,0.6324231176346764,d63sknrc4tus73ff10vg,/work/nvme/betu/lily/QOS/ibm_quantum/jobs/util60/fidelity/pair_00050_QAOA-R3-4__QAOA-R3-12.json,/work/nvme/betu/lily/QOS/ibm_quantum/jobs/sweep_util60_00050_QAOA-R3-4__QAOA-R3-12_utilization.json
51,51,VQE-1-6,VQE-1-10,0.10526315789473685,0.741420492150374,utilization_file,hellinger_mean,ibm_torino,1000,0.5185185185185185,0.8173196673022713,d63sktao8gvs73f3pldg,/work/nvme/betu/lily/QOS/ibm_quantum/jobs/util60/fidelity/pair_00051_VQE-1-6__VQE-1-10.json,/work/nvme/betu/lily/QOS/ibm_quantum/jobs/sweep_util60_00051_VQE-1-6__VQE-1-10_utilization.json
52,52,HS-1-4,QAOA-R3-12,0.09802283486494012,0.6648927743877604,utilization_file,hellinger_mean,ibm_torino,1000,0.4828532235939643,0.6314000692386008,d63sl1fs6ggc73fiau9g,/work/nvme/betu/lily/QOS/ibm_quantum/jobs/util60/fidelity/pair_00052_HS-1-4__QAOA-R3-12.json,/work/nvme/betu/lily/QOS/ibm_quantum/jobs/sweep_util60_00052_HS-1-4__QAOA-R3-12_utilization.json
53,53,HS-1-4,QSVM-12,0.09802283486494012,0.6699960838816179,utilization_file,hellinger_mean,ibm_torino,1000,0.4828532235939643,0.5997792914670569,d63slaao8gvs73f3pm1g,/work/nvme/betu/lily/QOS/ibm_quantum/jobs/util60/fidelity/pair_00053_HS-1-4__QSVM-12.json,/work/nvme/betu/lily/QOS/ibm_quantum/jobs/sweep_util60_00053_HS-1-4__QSVM-12_utilization.json
54,54,GHZ-4,VQE-1-12,0.10096670247046186,0.7898610877471908,utilization_file,hellinger_mean,ibm_torino,1000,0.4973544973544973,0.803322620466011,d63slfrc4tus73ff1250,/work/nvme/betu/lily/QOS/ibm_quantum/jobs/util60/fidelity/pair_00054_GHZ-4__VQE-1-12.json,/work/nvme/betu/lily/QOS/ibm_quantum/jobs/sweep_util60_00054_GHZ-4__VQE-1-12_utilization.json
55,55,HS-1-4,HS-1-12,0.10426065162907268,0.8155123855123049,utilization_file,hellinger_mean,ibm_torino,1000,0.5135802469135803,0.7875495080369159,d63sll3c4tus73ff12cg,/work/nvme/betu/lily/QOS/ibm_quantum/jobs/util60/fidelity/pair_00055_HS-1-4__HS-1-12.json,/work/nvme/betu/lily/QOS/ibm_quantum/jobs/sweep_util60_00055_HS-1-4__HS-1-12_utilization.json
56,56,VQE-1-4,W-STATE-12,0.09744360902255637,0.8000461796780243,utilization_file,hellinger_mean,ibm_torino,1000,0.48,0.7265,d63slqbtraac73bhmdi0,/work/nvme/betu/lily/QOS/ibm_quantum/jobs/util60/fidelity/pair_00056_VQE-1-4__W-STATE-12.json,/work/nvme/betu/lily/QOS/ibm_quantum/jobs/sweep_util60_00056_VQE-1-4__W-STATE-12_utilization.json
57,57,QSVM-12,W-STATE-4,0.10025062656641602,0.660628749557135,utilization_file,hellinger_mean,ibm_torino,1000,0.4938271604938271,0.5699327982001975,d63sluns6ggc73fiavk0,/work/nvme/betu/lily/QOS/ibm_quantum/jobs/util60/fidelity/pair_00057_QSVM-12__W-STATE-4.json,/work/nvme/betu/lily/QOS/ibm_quantum/jobs/sweep_util60_00057_QSVM-12__W-STATE-4_utilization.json
58,58,GHZ-6,VQE-1-10,0.10150375939849625,0.7586812783093858,utilization_file,hellinger_mean,ibm_torino,1000,0.5,0.8083468069054736,d63sm2jtraac73bhmdv0,/work/nvme/betu/lily/QOS/ibm_quantum/jobs/util60/fidelity/pair_00058_GHZ-6__VQE-1-10.json,/work/nvme/betu/lily/QOS/ibm_quantum/jobs/sweep_util60_00058_GHZ-6__VQE-1-10_utilization.json
59,59,QAOA-R3-6,W-STATE-10,0.12030075187969924,0.8315359557699145,utilization_file,hellinger_mean,ibm_torino,1000,0.5925925925925926,0.7945462993204659,d63sm8qo8gvs73f3pnbg,/work/nvme/betu/lily/QOS/ibm_quantum/jobs/util60/fidelity/pair_00059_QAOA-R3-6__W-STATE-10.json,/work/nvme/betu/lily/QOS/ibm_quantum/jobs/sweep_util60_00059_QAOA-R3-6__W-STATE-10_utilization.json
60,60,HS-1-4,TL-1-12,0.10426065162907268,0.8730969021445298,utilization_file,hellinger_mean,ibm_torino,1000,0.5135802469135803,0.8181053875546718,d63smdrc4tus73ff13m0,/work/nvme/betu/lily/QOS/ibm_quantum/jobs/util60/fidelity/pair_00060_HS-1-4__TL-1-12.json,/work/nvme/betu/lily/QOS/ibm_quantum/jobs/sweep_util60_00060_HS-1-4__TL-1-12_utilization.json
61,61,BV-6,BV-10,0.11127819548872181,0.22649999999999954,utilization_file,hellinger_mean,ibm_torino,1000,0.5481481481481482,0.8025,d63smiio8gvs73f3pnqg,/work/nvme/betu/lily/QOS/ibm_quantum/jobs/util60/fidelity/pair_00061_BV-6__BV-10.json,/work/nvme/betu/lily/QOS/ibm_quantum/jobs/sweep_util60_00061_BV-6__BV-10_utilization.json
62,62,QAOA-P1-10,W-STATE-6,0.10311493018259935,0.8047274969745455,utilization_file,hellinger_mean,ibm_torino,1000,0.507936507936508,0.7343012195638439,d63smojtraac73bhmetg,/work/nvme/betu/lily/QOS/ibm_quantum/jobs/util60/fidelity/pair_00062_QAOA-P1-10__W-STATE-6.json,/work/nvme/betu/lily/QOS/ibm_quantum/jobs/sweep_util60_00062_QAOA-P1-10__W-STATE-6_utilization.json
63,63,HS-1-6,HS-1-10,0.1064198958935801,0.9098356266734406,utilization_file,hellinger_mean,ibm_torino,1000,0.5242165242165242,0.8716722403790689,d63smtvs6ggc73fib1ag,/work/nvme/betu/lily/QOS/ibm_quantum/jobs/util60/fidelity/pair_00063_HS-1-6__HS-1-10.json,/work/nvme/betu/lily/QOS/ibm_quantum/jobs/sweep_util60_00063_HS-1-6__HS-1-10_utilization.json
64,64,QAOA-P1-8,QAOA-R3-8,0.10526315789473684,0.8625137732995298,utilization_file,hellinger_mean,ibm_torino,1000,0.5185185185185185,0.8385688941747819,d63sn3bc4tus73ff14tg,/work/nvme/betu/lily/QOS/ibm_quantum/jobs/util60/fidelity/pair_00064_QAOA-P1-8__QAOA-R3-8.json,/work/nvme/betu/lily/QOS/ibm_quantum/jobs/sweep_util60_00064_QAOA-P1-8__QAOA-R3-8_utilization.json
65,65,HS-1-8,QAOA-R3-8,0.08771929824561404,0.9043981908536141,utilization_file,hellinger_mean,ibm_torino,1000,0.4320987654320987,0.8575166803110811,d63sn8vs6ggc73fib1s0,/work/nvme/betu/lily/QOS/ibm_quantum/jobs/util60/fidelity/pair_00065_HS-1-8__QAOA-R3-8.json,/work/nvme/betu/lily/QOS/ibm_quantum/jobs/sweep_util60_00065_HS-1-8__QAOA-R3-8_utilization.json
66,66,QSVM-10,W-STATE-6,0.10068649885583524,0.7862837812134202,utilization_file,hellinger_mean,ibm_torino,1000,0.4959742351046698,0.6912622354909754,d63sncrc4tus73ff15cg,/work/nvme/betu/lily/QOS/ibm_quantum/jobs/util60/fidelity/pair_00066_QSVM-10__W-STATE-6.json,/work/nvme/betu/lily/QOS/ibm_quantum/jobs/sweep_util60_00066_QSVM-10__W-STATE-6_utilization.json
67,67,QSVM-12,VQE-1-4,0.09690893901420215,0.6532064520490717,utilization_file,hellinger_mean,ibm_torino,1000,0.4773662551440329,0.5691216057010298,d63snifs6ggc73fib2ag,/work/nvme/betu/lily/QOS/ibm_quantum/jobs/util60/fidelity/pair_00067_QSVM-12__VQE-1-4.json,/work/nvme/betu/lily/QOS/ibm_quantum/jobs/sweep_util60_00067_QSVM-12__VQE-1-4_utilization.json
68,68,GHZ-10,VQE-1-6,0.10799726589200274,0.7488660290114836,utilization_file,hellinger_mean,ibm_torino,1000,0.531986531986532,0.8023959360147623,d63snnbc4tus73ff15sg,/work/nvme/betu/lily/QOS/ibm_quantum/jobs/util60/fidelity/pair_00068_GHZ-10__VQE-1-6.json,/work/nvme/betu/lily/QOS/ibm_quantum/jobs/sweep_util60_00068_GHZ-10__VQE-1-6_utilization.json
69,69,BV-6,TL-1-10,0.10294968189705031,0.5150868169079181,utilization_file,hellinger_mean,ibm_torino,1000,0.5071225071225072,0.8030434306790826,d63snrfs6ggc73fib2ng,/work/nvme/betu/lily/QOS/ibm_quantum/jobs/util60/fidelity/pair_00069_BV-6__TL-1-10.json,/work/nvme/betu/lily/QOS/ibm_quantum/jobs/sweep_util60_00069_BV-6__TL-1-10_utilization.json
70,70,W-STATE-6,W-STATE-10,0.10311493018259935,0.8365,utilization_file,hellinger_mean,ibm_torino,1000,0.507936507936508,0.738,d63snvfs6ggc73fib2u0,/work/nvme/betu/lily/QOS/ibm_quantum/jobs/util60/fidelity/pair_00070_W-STATE-6__W-STATE-10.json,/work/nvme/betu/lily/QOS/ibm_quantum/jobs/sweep_util60_00070_W-STATE-6__W-STATE-10_utilization.json
71,71,GHZ-12,VQE-1-4,0.10410641989589356,0.7676716171852402,utilization_file,hellinger_mean,ibm_torino,1000,0.5128205128205129,0.7944335423355442,d63so33traac73bhmh1g,/work/nvme/betu/lily/QOS/ibm_quantum/jobs/util60/fidelity/pair_00071_GHZ-12__VQE-1-4.json,/work/nvme/betu/lily/QOS/ibm_quantum/jobs/sweep_util60_00071_GHZ-12__VQE-1-4_utilization.json
72,72,BV-8,GHZ-8,0.1136173767752715,0.4558374964278908,utilization_file,hellinger_mean,ibm_torino,1000,0.5596707818930041,0.8240698893317698,d63so8btraac73bhmh80,/work/nvme/betu/lily/QOS/ibm_quantum/jobs/util60/fidelity/pair_00072_BV-8__GHZ-8.json,/work/nvme/betu/lily/QOS/ibm_quantum/jobs/sweep_util60_00072_BV-8__GHZ-8_utilization.json
73,73,QAOA-P1-6,TL-1-10,0.09941520467836255,0.8935329807834969,utilization_file,hellinger_mean,ibm_torino,1000,0.4897119341563785,0.8430662522740338,d63soc7s6ggc73fib3eg,/work/nvme/betu/lily/QOS/ibm_quantum/jobs/util60/fidelity/pair_00073_QAOA-P1-6__TL-1-10.json,/work/nvme/betu/lily/QOS/ibm_quantum/jobs/sweep_util60_00073_QAOA-P1-6__TL-1-10_utilization.json
74,74,BV-8,W-STATE-8,0.08845643520566121,0.4797499999999999,utilization_file,hellinger_mean,ibm_torino,1000,0.4357298474945533,0.8160000000000001,d63sofrtraac73bhmhhg,/work/nvme/betu/lily/QOS/ibm_quantum/jobs/util60/fidelity/pair_00074_BV-8__W-STATE-8.json,/work/nvme/betu/lily/QOS/ibm_quantum/jobs/sweep_util60_00074_BV-8__W-STATE-8_utilization.json
75,75,BV-4,QAOA-P1-12,0.09523809523809522,0.25164648679076174,utilization_file,hellinger_mean,ibm_torino,1000,0.4691358024691358,0.504893902978821,d63sojvs6ggc73fib3o0,/work/nvme/betu/lily/QOS/ibm_quantum/jobs/util60/fidelity/pair_00075_BV-4__QAOA-P1-12.json,/work/nvme/betu/lily/QOS/ibm_quantum/jobs/sweep_util60_00075_BV-4__QAOA-P1-12_utilization.json
76,76,QAOA-P1-10,TL-1-6,0.0945220193340494,0.8274588924157904,utilization_file,hellinger_mean,ibm_torino,1000,0.4656084656084656,0.7602387989638429,d63soovs6ggc73fib3ug,/work/nvme/betu/lily/QOS/ibm_quantum/jobs/util60/fidelity/pair_00076_QAOA-P1-10__TL-1-6.json,/work/nvme/betu/lily/QOS/ibm_quantum/jobs/sweep_util60_00076_QAOA-P1-10__TL-1-6_utilization.json
77,77,HS-1-8,TL-1-8,0.12030075187969924,0.9091209295691717,utilization_file,hellinger_mean,ibm_torino,1000,0.5925925925925926,0.8801679025104794,d63sosvs6ggc73fib43g,/work/nvme/betu/lily/QOS/ibm_quantum/jobs/util60/fidelity/pair_00077_HS-1-8__TL-1-8.json,/work/nvme/betu/lily/QOS/ibm_quantum/jobs/sweep_util60_00077_HS-1-8__TL-1-8_utilization.json
78,78,HS-1-8,QAOA-P1-8,0.09690893901420218,0.8711882756987831,utilization_file,hellinger_mean,ibm_torino,1000,0.4773662551440328,0.8623524238613445,d63sp0jc4tus73ff17lg,/work/nvme/betu/lily/QOS/ibm_quantum/jobs/util60/fidelity/pair_00078_HS-1-8__QAOA-P1-8.json,/work/nvme/betu/lily/QOS/ibm_quantum/jobs/sweep_util60_00078_HS-1-8__QAOA-P1-8_utilization.json
79,79,GHZ-4,W-STATE-12,0.09624060150375939,0.7137824652510983,utilization_file,hellinger_mean,ibm_torino,1000,0.474074074074074,0.7399909977657919,d63sp4ns6ggc73fib4fg,/work/nvme/betu/lily/QOS/ibm_quantum/jobs/util60/fidelity/pair_00079_GHZ-4__W-STATE-12.json,/work/nvme/betu/lily/QOS/ibm_quantum/jobs/sweep_util60_00079_GHZ-4__W-STATE-12_utilization.json
80,80,HS-1-4,QAOA-P1-12,0.0960735171261487,0.6119974752516226,utilization_file,hellinger_mean,ibm_torino,1000,0.4732510288065843,0.5301944017665401,d63sp8fs6ggc73fib4l0,/work/nvme/betu/lily/QOS/ibm_quantum/jobs/util60/fidelity/pair_00080_HS-1-4__QAOA-P1-12.json,/work/nvme/betu/lily/QOS/ibm_quantum/jobs/sweep_util60_00080_HS-1-4__QAOA-P1-12_utilization.json
81,81,QAOA-P1-4,QSVM-12,0.10359231411862989,0.7121821893165854,utilization_file,hellinger_mean,ibm_torino,1000,0.5102880658436214,0.6225524223617178,d63spcbtraac73bhmifg,/work/nvme/betu/lily/QOS/ibm_quantum/jobs/util60/fidelity/pair_00081_QAOA-P1-4__QSVM-12.json,/work/nvme/betu/lily/QOS/ibm_quantum/jobs/sweep_util60_00081_QAOA-P1-4__QSVM-12_utilization.json
82,82,QAOA-R3-6,VQE-1-10,0.08807733619763694,0.8103444676783597,utilization_file,hellinger_mean,ibm_torino,1000,0.4338624338624338,0.8561009803069959,d63spg3traac73bhmikg,/work/nvme/betu/lily/QOS/ibm_quantum/jobs/util60/fidelity/pair_00082_QAOA-R3-6__VQE-1-10.json,/work/nvme/betu/lily/QOS/ibm_quantum/jobs/sweep_util60_00082_QAOA-R3-6__VQE-1-10_utilization.json
83,83,QAOA-P1-10,QAOA-R3-6,0.12030075187969924,0.79925705885734,utilization_file,hellinger_mean,ibm_torino,1000,0.5925925925925926,0.7736490669645641,d63spk3c4tus73ff18ag,/work/nvme/betu/lily/QOS/ibm_quantum/jobs/util60/fidelity/pair_00083_QAOA-P1-10__QAOA-R3-6.json,/work/nvme/betu/lily/QOS/ibm_quantum/jobs/sweep_util60_00083_QAOA-P1-10__QAOA-R3-6_utilization.json
84,84,QAOA-P1-4,QAOA-P1-12,0.10025062656641602,0.6131717433428567,utilization_file,hellinger_mean,ibm_torino,1000,0.4938271604938271,0.5286362310428754,d63spuns6ggc73fib5ag,/work/nvme/betu/lily/QOS/ibm_quantum/jobs/util60/fidelity/pair_00084_QAOA-P1-4__QAOA-P1-12.json,/work/nvme/betu/lily/QOS/ibm_quantum/jobs/sweep_util60_00084_QAOA-P1-4__QAOA-P1-12_utilization.json
85,85,HS-1-8,QSVM-8,0.09497427779976256,0.8857070586068412,utilization_file,hellinger_mean,ibm_torino,1000,0.4678362573099414,0.8726525166831403,d63sq2bc4tus73ff18pg,/work/nvme/betu/lily/QOS/ibm_quantum/jobs/util60/fidelity/pair_00085_HS-1-8__QSVM-8.json,/work/nvme/betu/lily/QOS/ibm_quantum/jobs/sweep_util60_00085_HS-1-8__QSVM-8_utilization.json
86,86,TL-1-10,W-STATE-6,0.12030075187969924,0.8710442804756093,utilization_file,hellinger_mean,ibm_torino,1000,0.5925925925925926,0.8120614288522559,d63sq6bc4tus73ff18ug,/work/nvme/betu/lily/QOS/ibm_quantum/jobs/util60/fidelity/pair_00086_TL-1-10__W-STATE-6.json,/work/nvme/betu/lily/QOS/ibm_quantum/jobs/sweep_util60_00086_TL-1-10__W-STATE-6_utilization.json
87,87,BV-12,QSVM-4,0.10389610389610389,0.525243876938833,utilization_file,hellinger_mean,ibm_torino,1000,0.5117845117845118,0.8771946700464001,d63sqa3traac73bhmje0,/work/nvme/betu/lily/QOS/ibm_quantum/jobs/util60/fidelity/pair_00087_BV-12__QSVM-4.json,/work/nvme/betu/lily/QOS/ibm_quantum/jobs/sweep_util60_00087_BV-12__QSVM-4_utilization.json
88,88,GHZ-8,HS-1-8,0.10936431989063568,0.8410282771410458,utilization_file,hellinger_mean,ibm_torino,1000,0.5387205387205387,0.8388750763410657,d63sqefs6ggc73fib5r0,/work/nvme/betu/lily/QOS/ibm_quantum/jobs/util60/fidelity/pair_00088_GHZ-8__HS-1-8.json,/work/nvme/betu/lily/QOS/ibm_quantum/jobs/sweep_util60_00088_GHZ-8__HS-1-8_utilization.json
89,89,QSVM-6,VQE-1-10,0.10526315789473684,0.8219394099993561,utilization_file,hellinger_mean,ibm_torino,1000,0.5185185185185185,0.8523439177351624,d63sqi3traac73bhmjmg,/work/nvme/betu/lily/QOS/ibm_quantum/jobs/util60/fidelity/pair_00089_QSVM-6__VQE-1-10.json,/work/nvme/betu/lily/QOS/ibm_quantum/jobs/sweep_util60_00089_QSVM-6__VQE-1-10_utilization.json
90,90,HS-1-4,W-STATE-12,0.09864661654135336,0.7271747567878938,utilization_file,hellinger_mean,ibm_torino,1000,0.4859259259259259,0.7814666087866622,d63sqmfs6ggc73fib64g,/work/nvme/betu/lily/QOS/ibm_quantum/jobs/util60/fidelity/pair_00090_HS-1-4__W-STATE-12.json,/work/nvme/betu/lily/QOS/ibm_quantum/jobs/sweep_util60_00090_HS-1-4__W-STATE-12_utilization.json
91,91,QAOA-P1-10,VQE-1-6,0.09237379162191192,0.7749975793561594,utilization_file,hellinger_mean,ibm_torino,1000,0.455026455026455,0.7324139734130661,d63sqqns6ggc73fib69g,/work/nvme/betu/lily/QOS/ibm_quantum/jobs/util60/fidelity/pair_00091_QAOA-P1-10__VQE-1-6.json,/work/nvme/betu/lily/QOS/ibm_quantum/jobs/sweep_util60_00091_QAOA-P1-10__VQE-1-6_utilization.json
92,92,BV-10,VQE-1-6,0.11127819548872181,0.4586384159562137,utilization_file,hellinger_mean,ibm_torino,1000,0.5481481481481482,0.7984061269762499,d63sr07s6ggc73fib6gg,/work/nvme/betu/lily/QOS/ibm_quantum/jobs/util60/fidelity/pair_00092_BV-10__VQE-1-6.json,/work/nvme/betu/lily/QOS/ibm_quantum/jobs/sweep_util60_00092_BV-10__VQE-1-6_utilization.json
93,93,QAOA-R3-4,TL-1-12,0.09452201933404941,0.8260361353269405,utilization_file,hellinger_mean,ibm_torino,1000,0.4656084656084656,0.8135687174043917,d63sr4ao8gvs73f3pt1g,/work/nvme/betu/lily/QOS/ibm_quantum/jobs/util60/fidelity/pair_00093_QAOA-R3-4__TL-1-12.json,/work/nvme/betu/lily/QOS/ibm_quantum/jobs/sweep_util60_00093_QAOA-R3-4__TL-1-12_utilization.json
94,94,TL-1-10,VQE-1-6,0.10294968189705031,0.8386786702413382,utilization_file,hellinger_mean,ibm_torino,1000,0.5071225071225072,0.8081403120789106,d63sr9rc4tus73ff1a90,/work/nvme/betu/lily/QOS/ibm_quantum/jobs/util60/fidelity/pair_00094_TL-1-10__VQE-1-6.json,/work/nvme/betu/lily/QOS/ibm_quantum/jobs/sweep_util60_00094_TL-1-10__VQE-1-6_utilization.json
95,95,GHZ-10,W-STATE-6,0.10873337189126663,0.7809799988570122,utilization_file,hellinger_mean,ibm_torino,1000,0.5356125356125356,0.7740251415590707,d63sre7s6ggc73fib6vg,/work/nvme/betu/lily/QOS/ibm_quantum/jobs/util60/fidelity/pair_00095_GHZ-10__W-STATE-6.json,/work/nvme/betu/lily/QOS/ibm_quantum/jobs/sweep_util60_00095_GHZ-10__W-STATE-6_utilization.json
96,96,BV-8,HS-1-8,0.10389610389610389,0.509029291436657,utilization_file,hellinger_mean,ibm_torino,1000,0.5117845117845117,0.8694012031742303,d63sriao8gvs73f3pth0,/work/nvme/betu/lily/QOS/ibm_quantum/jobs/util60/fidelity/pair_00096_BV-8__HS-1-8.json,/work/nvme/betu/lily/QOS/ibm_quantum/jobs/sweep_util60_00096_BV-8__HS-1-8_utilization.json
97,97,QSVM-8,TL-1-8,0.09497427779976256,0.8865749256565183,utilization_file,hellinger_mean,ibm_torino,1000,0.4678362573099414,0.859555931595442,d63srmfs6ggc73fib79g,/work/nvme/betu/lily/QOS/ibm_quantum/jobs/util60/fidelity/pair_00097_QSVM-8__TL-1-8.json,/work/nvme/betu/lily/QOS/ibm_quantum/jobs/sweep_util60_00097_QSVM-8__TL-1-8_utilization.json
98,98,BV-8,QAOA-R3-8,0.08020050125313283,0.4925308663420051,utilization_file,hellinger_mean,ibm_torino,1000,0.3950617283950617,0.8402650772902436,d63srs2o8gvs73f3ptr0,/work/nvme/betu/lily/QOS/ibm_quantum/jobs/util60/fidelity/pair_00098_BV-8__QAOA-R3-8.json,/work/nvme/betu/lily/QOS/ibm_quantum/jobs/sweep_util60_00098_BV-8__QAOA-R3-8_utilization.json
99,99,QAOA-R3-8,TL-1-8,0.08771929824561404,0.86746697092648,utilization_file,hellinger_mean,ibm_torino,1000,0.4320987654320987,0.8593700365297468,d63ss1fs6ggc73fib7k0,/work/nvme/betu/lily/QOS/ibm_quantum/jobs/util60/fidelity/pair_00099_QAOA-R3-8__TL-1-8.json,/work/nvme/betu/lily/QOS/ibm_quantum/jobs/sweep_util60_00099_QAOA-R3-8__TL-1-8_utilization.json
100,100,TL-1-8,VQE-1-8,0.11483253588516745,0.8616064934790781,utilization_file,hellinger_mean,ibm_torino,1000,0.5656565656565656,0.8327315942850453,d63ss6vs6ggc73fib7qg,/work/nvme/betu/lily/QOS/ibm_quantum/jobs/util60/fidelity/pair_00100_TL-1-8__VQE-1-8.json,/work/nvme/betu/lily/QOS/ibm_quantum/jobs/sweep_util60_00100_TL-1-8__VQE-1-8_utilization.json
101,101,GHZ-10,TL-1-6,0.11209842788790157,0.7792040793200401,utilization_file,hellinger_mean,ibm_torino,1000,0.5521885521885522,0.8517750035713116,d63ssajc4tus73ff1bag,/work/nvme/betu/lily/QOS/ibm_quantum/jobs/util60/fidelity/pair_00101_GHZ-10__TL-1-6.json,/work/nvme/betu/lily/QOS/ibm_quantum/jobs/sweep_util60_00101_GHZ-10__TL-1-6_utilization.json
102,102,GHZ-8,TL-1-8,0.10936431989063568,0.8361242184132656,utilization_file,hellinger_mean,ibm_torino,1000,0.5387205387205387,0.8210108489692649,d63ssejc4tus73ff1bfg,/work/nvme/betu/lily/QOS/ibm_quantum/jobs/util60/fidelity/pair_00102_GHZ-8__TL-1-8.json,/work/nvme/betu/lily/QOS/ibm_quantum/jobs/sweep_util60_00102_GHZ-8__TL-1-8_utilization.json
103,103,TL-1-4,TL-1-12,0.10426065162907268,0.8413852773882801,utilization_file,hellinger_mean,ibm_torino,1000,0.5135802469135803,0.8091717800150234,d63ssins6ggc73fib85g,/work/nvme/betu/lily/QOS/ibm_quantum/jobs/util60/fidelity/pair_00103_TL-1-4__TL-1-12.json,/work/nvme/betu/lily/QOS/ibm_quantum/jobs/sweep_util60_00103_TL-1-4__TL-1-12_utilization.json
104,104,HS-1-10,QSVM-6,0.11027568922305762,0.9146643936425185,utilization_file,hellinger_mean,ibm_torino,1000,0.5432098765432098,0.8477488207568672,d63ssmjc4tus73ff1bn0,/work/nvme/betu/lily/QOS/ibm_quantum/jobs/util60/fidelity/pair_00104_HS-1-10__QSVM-6.json,/work/nvme/betu/lily/QOS/ibm_quantum/jobs/sweep_util60_00104_HS-1-10__QSVM-6_utilization.json
105,105,W-STATE-4,W-STATE-12,0.10105263157894737,0.8180000000000001,utilization_file,hellinger_mean,ibm_torino,1000,0.4977777777777777,0.7444999999999999,d63ssqjc4tus73ff1bs0,/work/nvme/betu/lily/QOS/ibm_quantum/jobs/util60/fidelity/pair_00105_W-STATE-4__W-STATE-12.json,/work/nvme/betu/lily/QOS/ibm_quantum/jobs/sweep_util60_00105_W-STATE-4__W-STATE-12_utilization.json
106,106,HS-1-12,VQE-1-4,0.10225563909774435,0.8098631038492307,utilization_file,hellinger_mean,ibm_torino,1000,0.5037037037037037,0.7726424871767614,d63ssujtraac73bhmm5g,/work/nvme/betu/lily/QOS/ibm_quantum/jobs/util60/fidelity/pair_00106_HS-1-12__VQE-1-4.json,/work/nvme/betu/lily/QOS/ibm_quantum/jobs/sweep_util60_00106_HS-1-12__VQE-1-4_utilization.json
107,107,QAOA-P1-8,VQE-1-8,0.0935672514619883,0.8397445404307715,utilization_file,hellinger_mean,ibm_torino,1000,0.4609053497942386,0.8207944109454213,d63st3rtraac73bhmmag,/work/nvme/betu/lily/QOS/ibm_quantum/jobs/util60/fidelity/pair_00107_QAOA-P1-8__VQE-1-8.json,/work/nvme/betu/lily/QOS/ibm_quantum/jobs/sweep_util60_00107_QAOA-P1-8__VQE-1-8_utilization.json
108,108,QAOA-P1-12,TL-1-4,0.0960735171261487,0.6110820604794058,utilization_file,hellinger_mean,ibm_torino,1000,0.4732510288065843,0.5300954197516072,d63sta2o8gvs73f3pv9g,/work/nvme/betu/lily/QOS/ibm_quantum/jobs/util60/fidelity/pair_00108_QAOA-P1-12__TL-1-4.json,/work/nvme/betu/lily/QOS/ibm_quantum/jobs/sweep_util60_00108_QAOA-P1-12__TL-1-4_utilization.json
109,109,HS-1-6,TL-1-10,0.1064198958935801,0.9203801472898308,utilization_file,hellinger_mean,ibm_torino,1000,0.5242165242165242,0.8580133395891824,d63steqo8gvs73f3pveg,/work/nvme/betu/lily/QOS/ibm_quantum/jobs/util60/fidelity/pair_00109_HS-1-6__TL-1-10.json,/work/nvme/betu/lily/QOS/ibm_quantum/jobs/sweep_util60_00109_HS-1-6__TL-1-10_utilization.json
110,110,BV-12,GHZ-4,0.10693400167084377,0.5200021459128646,utilization_file,hellinger_mean,ibm_torino,1000,0.5267489711934157,0.8359471900925135,d63stjrtraac73bhmms0,/work/nvme/betu/lily/QOS/ibm_quantum/jobs/util60/fidelity/pair_00110_BV-12__GHZ-4.json,/work/nvme/betu/lily/QOS/ibm_quantum/jobs/sweep_util60_00110_BV-12__GHZ-4_utilization.json
111,111,HS-1-8,W-STATE-8,0.09907120743034056,0.8445295234644568,utilization_file,hellinger_mean,ibm_torino,1000,0.4880174291938997,0.829725789043538,d63stobtraac73bhmn2g,/work/nvme/betu/lily/QOS/ibm_quantum/jobs/util60/fidelity/pair_00111_HS-1-8__W-STATE-8.json,/work/nvme/betu/lily/QOS/ibm_quantum/jobs/sweep_util60_00111_HS-1-8__W-STATE-8_utilization.json
112,112,HS-1-10,W-STATE-6,0.12030075187969924,0.8759744803068232,utilization_file,hellinger_mean,ibm_torino,1000,0.5925925925925926,0.7985551307618828,d63sttbtraac73bhmn90,/work/nvme/betu/lily/QOS/ibm_quantum/jobs/util60/fidelity/pair_00112_HS-1-10__W-STATE-6.json,/work/nvme/betu/lily/QOS/ibm_quantum/jobs/sweep_util60_00112_HS-1-10__W-STATE-6_utilization.json
113,113,QAOA-P1-8,TL-1-8,0.09690893901420218,0.912605481541613,utilization_file,hellinger_mean,ibm_torino,1000,0.4773662551440328,0.8435868683535399,d63su2rc4tus73ff1d90,/work/nvme/betu/lily/QOS/ibm_quantum/jobs/util60/fidelity/pair_00113_QAOA-P1-8__TL-1-8.json,/work/nvme/betu/lily/QOS/ibm_quantum/jobs/sweep_util60_00113_QAOA-P1-8__TL-1-8_utilization.json
114,114,HS-1-8,VQE-1-8,0.11483253588516745,0.8543638962105871,utilization_file,hellinger_mean,ibm_torino,1000,0.5656565656565656,0.8296917538554248,d63su9ns6ggc73fiba40,/work/nvme/betu/lily/QOS/ibm_quantum/jobs/util60/fidelity/pair_00114_HS-1-8__VQE-1-8.json,/work/nvme/betu/lily/QOS/ibm_quantum/jobs/sweep_util60_00114_HS-1-8__VQE-1-8_utilization.json
115,115,BV-12,TL-1-4,0.11361737677527149,0.5334377606163786,utilization_file,hellinger_mean,ibm_torino,1000,0.5596707818930041,0.8699286239198607,d63sudqo8gvs73f3q0e0,/work/nvme/betu/lily/QOS/ibm_quantum/jobs/util60/fidelity/pair_00115_BV-12__TL-1-4.json,/work/nvme/betu/lily/QOS/ibm_quantum/jobs/sweep_util60_00115_BV-12__TL-1-4_utilization.json
116,116,QAOA-P1-4,QAOA-R3-12,0.10359231411862989,0.6625409383511212,utilization_file,hellinger_mean,ibm_torino,1000,0.5102880658436214,0.6251539289918757,d63suhrc4tus73ff1dqg,/work/nvme/betu/lily/QOS/ibm_quantum/jobs/util60/fidelity/pair_00116_QAOA-P1-4__QAOA-R3-12.json,/work/nvme/betu/lily/QOS/ibm_quantum/jobs/sweep_util60_00116_QAOA-P1-4__QAOA-R3-12_utilization.json
117,117,GHZ-4,HS-1-12,0.10025062656641602,0.8088525509061663,utilization_file,hellinger_mean,ibm_torino,1000,0.4938271604938271,0.7600148988679334,d63sulrtraac73bhmo4g,/work/nvme/betu/lily/QOS/ibm_quantum/jobs/util60/fidelity/pair_00117_GHZ-4__HS-1-12.json,/work/nvme/betu/lily/QOS/ibm_quantum/jobs/sweep_util60_00117_GHZ-4__HS-1-12_utilization.json
118,118,BV-10,W-STATE-6,0.10294968189705031,0.48049999999999987,utilization_file,hellinger_mean,ibm_torino,1000,0.5071225071225071,0.771,d63suuns6ggc73fibav0,/work/nvme/betu/lily/QOS/ibm_quantum/jobs/util60/fidelity/pair_00118_BV-10__W-STATE-6.json,/work/nvme/betu/lily/QOS/ibm_quantum/jobs/sweep_util60_00118_BV-10__W-STATE-6_utilization.json
119,119,GHZ-8,QAOA-R3-8,0.08270676691729323,0.8097594447947098,utilization_file,hellinger_mean,ibm_torino,1000,0.4074074074074073,0.8197070905918915,d63sv2rc4tus73ff1ef0,/work/nvme/betu/lily/QOS/ibm_quantum/jobs/util60/fidelity/pair_00119_GHZ-8__QAOA-R3-8.json,/work/nvme/betu/lily/QOS/ibm_quantum/jobs/sweep_util60_00119_GHZ-8__QAOA-R3-8_utilization.json
120,120,GHZ-6,HS-1-10,0.09947946790052054,0.8544642083252414,utilization_file,hellinger_mean,ibm_torino,1000,0.49002849002849,0.8199456348740795,d63sv6ns6ggc73fibb8g,/work/nvme/betu/lily/QOS/ibm_quantum/jobs/util60/fidelity/pair_00120_GHZ-6__HS-1-10.json,/work/nvme/betu/lily/QOS/ibm_quantum/jobs/sweep_util60_00120_GHZ-6__HS-1-10_utilization.json
121,121,QSVM-4,TL-1-12,0.11228070175438595,0.8473992683989282,utilization_file,hellinger_mean,ibm_torino,1000,0.5530864197530864,0.8051558191373199,d63svabc4tus73ff1en0,/work/nvme/betu/lily/QOS/ibm_quantum/jobs/util60/fidelity/pair_00121_QSVM-4__TL-1-12.json,/work/nvme/betu/lily/QOS/ibm_quantum/jobs/sweep_util60_00121_QSVM-4__TL-1-12_utilization.json
122,122,HS-1-6,QSVM-10,0.09284079764628964,0.8267538817144762,utilization_file,hellinger_mean,ibm_torino,1000,0.4573268921095008,0.7260428171772928,d63svebtraac73bhmp20,/work/nvme/betu/lily/QOS/ibm_quantum/jobs/util60/fidelity/pair_00122_HS-1-6__QSVM-10.json,/work/nvme/betu/lily/QOS/ibm_quantum/jobs/sweep_util60_00122_HS-1-6__QSVM-10_utilization.json
123,123,GHZ-10,QAOA-P1-6,0.0910609857978279,0.8078211316463783,utilization_file,hellinger_mean,ibm_torino,1000,0.4485596707818929,0.8414949276349202,d63svibc4tus73ff1ev0,/work/nvme/betu/lily/QOS/ibm_quantum/jobs/util60/fidelity/pair_00123_GHZ-10__QAOA-P1-6.json,/work/nvme/betu/lily/QOS/ibm_quantum/jobs/sweep_util60_00123_GHZ-10__QAOA-P1-6_utilization.json
124,124,QAOA-R3-8,VQE-1-8,0.08521303258145363,0.8068055690000344,utilization_file,hellinger_mean,ibm_torino,1000,0.419753086419753,0.7981840086503447,d63svm3traac73bhmpc0,/work/nvme/betu/lily/QOS/ibm_quantum/jobs/util60/fidelity/pair_00124_QAOA-R3-8__VQE-1-8.json,/work/nvme/betu/lily/QOS/ibm_quantum/jobs/sweep_util60_00124_QAOA-R3-8__VQE-1-8_utilization.json
125,125,GHZ-12,HS-1-4,0.10641989589358009,0.8262059757262363,utilization_file,hellinger_mean,ibm_torino,1000,0.5242165242165242,0.8463510665647664,d63svprtraac73bhmpg0,/work/nvme/betu/lily/QOS/ibm_quantum/jobs/util60/fidelity/pair_00125_GHZ-12__HS-1-4.json,/work/nvme/betu/lily/QOS/ibm_quantum/jobs/sweep_util60_00125_GHZ-12__HS-1-4_utilization.json
126,126,QAOA-P1-8,W-STATE-8,0.11695906432748536,0.8234611319778893,utilization_file,hellinger_mean,ibm_torino,1000,0.5761316872427983,0.796194271047296,d63svv3c4tus73ff1feg,/work/nvme/betu/lily/QOS/ibm_quantum/jobs/util60/fidelity/pair_00126_QAOA-P1-8__W-STATE-8.json,/work/nvme/betu/lily/QOS/ibm_quantum/jobs/sweep_util60_00126_QAOA-P1-8__W-STATE-8_utilization.json
127,127,GHZ-12,QAOA-P1-4,0.1179872758820127,0.8471887637011465,utilization_file,hellinger_mean,ibm_torino,1000,0.5811965811965812,0.8376239131066029,d63t04rc4tus73ff1fm0,/work/nvme/betu/lily/QOS/ibm_quantum/jobs/util60/fidelity/pair_00127_GHZ-12__QAOA-P1-4.json,/work/nvme/betu/lily/QOS/ibm_quantum/jobs/sweep_util60_00127_GHZ-12__QAOA-P1-4_utilization.json
128,128,GHZ-10,QSVM-6,0.10025062656641602,0.8309700639475535,utilization_file,hellinger_mean,ibm_torino,1000,0.4938271604938271,0.849700982675392,d63t08rc4tus73ff1fsg,/work/nvme/betu/lily/QOS/ibm_quantum/jobs/util60/fidelity/pair_00128_GHZ-10__QSVM-6.json,/work/nvme/betu/lily/QOS/ibm_quantum/jobs/sweep_util60_00128_GHZ-10__QSVM-6_utilization.json
129,129,QAOA-R3-12,W-STATE-4,0.10025062656641602,0.652600162776532,utilization_file,hellinger_mean,ibm_torino,1000,0.4938271604938271,0.5822884263124641,d63t0cjc4tus73ff1g1g,/work/nvme/betu/lily/QOS/ibm_quantum/jobs/util60/fidelity/pair_00129_QAOA-R3-12__W-STATE-4.json,/work/nvme/betu/lily/QOS/ibm_quantum/jobs/sweep_util60_00129_QAOA-R3-12__W-STATE-4_utilization.json
130,130,GHZ-8,QSVM-8,0.08864265927977838,0.7687842999925715,utilization_file,hellinger_mean,ibm_torino,1000,0.4366471734892787,0.8564683868893493,d63t0hrtraac73bhmqj0,/work/nvme/betu/lily/QOS/ibm_quantum/jobs/util60/fidelity/pair_00130_GHZ-8__QSVM-8.json,/work/nvme/betu/lily/QOS/ibm_quantum/jobs/sweep_util60_00130_GHZ-8__QSVM-8_utilization.json
131,131,HS-1-10,QAOA-P1-6,0.09941520467836255,0.8926542439807932,utilization_file,hellinger_mean,ibm_torino,1000,0.4897119341563785,0.8452675673797733,d63t0n3c4tus73ff1gig,/work/nvme/betu/lily/QOS/ibm_quantum/jobs/util60/fidelity/pair_00131_HS-1-10__QAOA-P1-6.json,/work/nvme/betu/lily/QOS/ibm_quantum/jobs/sweep_util60_00131_HS-1-10__QAOA-P1-6_utilization.json
132,132,QSVM-6,QSVM-10,0.10460934946060803,0.8232365439248304,utilization_file,hellinger_mean,ibm_torino,1000,0.5152979066022545,0.7299567716163465,d63t0sio8gvs73f3q3e0,/work/nvme/betu/lily/QOS/ibm_quantum/jobs/util60/fidelity/pair_00132_QSVM-6__QSVM-10.json,/work/nvme/betu/lily/QOS/ibm_quantum/jobs/sweep_util60_00132_QSVM-6__QSVM-10_utilization.json
133,133,QAOA-P1-4,W-STATE-12,0.10466165413533833,0.7519924353801652,utilization_file,hellinger_mean,ibm_torino,1000,0.5155555555555555,0.7660138411719798,d63t11rc4tus73ff1h0g,/work/nvme/betu/lily/QOS/ibm_quantum/jobs/util60/fidelity/pair_00133_QAOA-P1-4__W-STATE-12.json,/work/nvme/betu/lily/QOS/ibm_quantum/jobs/sweep_util60_00133_QAOA-P1-4__W-STATE-12_utilization.json
134,134,QAOA-R3-10,QSVM-6,0.09774436090225563,0.7621293865156104,utilization_file,hellinger_mean,ibm_torino,1000,0.4814814814814815,0.7577738535278219,d63t173c4tus73ff1h90,/work/nvme/betu/lily/QOS/ibm_quantum/jobs/util60/fidelity/pair_00134_QAOA-R3-10__QSVM-6.json,/work/nvme/betu/lily/QOS/ibm_quantum/jobs/sweep_util60_00134_QAOA-R3-10__QSVM-6_utilization.json
135,135,TL-1-6,TL-1-10,0.1064198958935801,0.8913799982747526,utilization_file,hellinger_mean,ibm_torino,1000,0.5242165242165242,0.8504835005630301,d63t1c7s6ggc73fibdtg,/work/nvme/betu/lily/QOS/ibm_quantum/jobs/util60/fidelity/pair_00135_TL-1-6__TL-1-10.json,/work/nvme/betu/lily/QOS/ibm_quantum/jobs/sweep_util60_00135_TL-1-6__TL-1-10_utilization.json
136,136,QAOA-P1-4,TL-1-12,0.11428571428571427,0.8389521882572812,utilization_file,hellinger_mean,ibm_torino,1000,0.562962962962963,0.8014098994446546,d63t1g7s6ggc73fibe40,/work/nvme/betu/lily/QOS/ibm_quantum/jobs/util60/fidelity/pair_00136_QAOA-P1-4__TL-1-12.json,/work/nvme/betu/lily/QOS/ibm_quantum/jobs/sweep_util60_00136_QAOA-P1-4__TL-1-12_utilization.json
137,137,BV-4,W-STATE-12,0.09744360902255637,0.4837499999999998,utilization_file,hellinger_mean,ibm_torino,1000,0.48,0.7414999999999999,d63t1lfs6ggc73fibea0,/work/nvme/betu/lily/QOS/ibm_quantum/jobs/util60/fidelity/pair_00137_BV-4__W-STATE-12.json,/work/nvme/betu/lily/QOS/ibm_quantum/jobs/sweep_util60_00137_BV-4__W-STATE-12_utilization.json
138,138,BV-12,QAOA-P1-4,0.09774436090225563,0.5254579563079768,utilization_file,hellinger_mean,ibm_torino,1000,0.4814814814814814,0.8712822010576524,d63t1qio8gvs73f3q4m0,/work/nvme/betu/lily/QOS/ibm_quantum/jobs/util60/fidelity/pair_00138_BV-12__QAOA-P1-4.json,/work/nvme/betu/lily/QOS/ibm_quantum/jobs/sweep_util60_00138_BV-12__QAOA-P1-4_utilization.json
139,139,QSVM-4,VQE-1-12,0.11385606874328676,0.7867081612568199,utilization_file,hellinger_mean,ibm_torino,1000,0.5608465608465608,0.8120743195769593,d63t1uns6ggc73fibeng,/work/nvme/betu/lily/QOS/ibm_quantum/jobs/util60/fidelity/pair_00139_QSVM-4__VQE-1-12.json,/work/nvme/betu/lily/QOS/ibm_quantum/jobs/sweep_util60_00139_QSVM-4__VQE-1-12_utilization.json
140,140,QAOA-P1-12,QAOA-R3-4,0.10776942355889724,0.6142892501466934,utilization_file,hellinger_mean,ibm_torino,1000,0.5308641975308642,0.5299036501443829,d63t22ns6ggc73fibev0,/work/nvme/betu/lily/QOS/ibm_quantum/jobs/util60/fidelity/pair_00140_QAOA-P1-12__QAOA-R3-4.json,/work/nvme/betu/lily/QOS/ibm_quantum/jobs/sweep_util60_00140_QAOA-P1-12__QAOA-R3-4_utilization.json
141,141,BV-4,HS-1-12,0.10225563909774435,0.47730440024139154,utilization_file,hellinger_mean,ibm_torino,1000,0.5037037037037037,0.771958260852498,d63t27vs6ggc73fibf60,/work/nvme/betu/lily/QOS/ibm_quantum/jobs/util60/fidelity/pair_00141_BV-4__HS-1-12.json,/work/nvme/betu/lily/QOS/ibm_quantum/jobs/sweep_util60_00141_BV-4__HS-1-12_utilization.json
142,142,GHZ-6,QSVM-10,0.08891794704151684,0.7600989229162128,utilization_file,hellinger_mean,ibm_torino,1000,0.4380032206119162,0.6856519640687613,d63t2crc4tus73ff1iog,/work/nvme/betu/lily/QOS/ibm_quantum/jobs/util60/fidelity/pair_00142_GHZ-6__QSVM-10.json,/work/nvme/betu/lily/QOS/ibm_quantum/jobs/sweep_util60_00142_GHZ-6__QSVM-10_utilization.json
143,143,BV-6,W-STATE-10,0.09237379162191192,0.4377499999999998,utilization_file,hellinger_mean,ibm_torino,1000,0.455026455026455,0.7529999999999999,d63t2i2o8gvs73f3q5k0,/work/nvme/betu/lily/QOS/ibm_quantum/jobs/util60/fidelity/pair_00143_BV-6__W-STATE-10.json,/work/nvme/betu/lily/QOS/ibm_quantum/jobs/sweep_util60_00143_BV-6__W-STATE-10_utilization.json
144,144,QAOA-P1-6,QSVM-10,0.11049362536776725,0.8302157058295356,utilization_file,hellinger_mean,ibm_torino,1000,0.5442834138486312,0.7347393639279775,d63t2nbc4tus73ff1j7g,/work/nvme/betu/lily/QOS/ibm_quantum/jobs/util60/fidelity/pair_00144_QAOA-P1-6__QSVM-10.json,/work/nvme/betu/lily/QOS/ibm_quantum/jobs/sweep_util60_00144_QAOA-P1-6__QSVM-10_utilization.json
145,145,QAOA-P1-6,QAOA-R3-10,0.10225563909774436,0.805889827377902,utilization_file,hellinger_mean,ibm_torino,1000,0.5037037037037038,0.7462621699155207,d63t2sjtraac73bhmthg,/work/nvme/betu/lily/QOS/ibm_quantum/jobs/util60/fidelity/pair_00145_QAOA-P1-6__QAOA-R3-10.json,/work/nvme/betu/lily/QOS/ibm_quantum/jobs/sweep_util60_00145_QAOA-P1-6__QAOA-R3-10_utilization.json
146,146,GHZ-4,TL-1-12,0.10025062656641602,0.8064963798899998,utilization_file,hellinger_mean,ibm_torino,1000,0.4938271604938271,0.7731859056386411,d63t31io8gvs73f3q690,/work/nvme/betu/lily/QOS/ibm_quantum/jobs/util60/fidelity/pair_00146_GHZ-4__TL-1-12.json,/work/nvme/betu/lily/QOS/ibm_quantum/jobs/sweep_util60_00146_GHZ-4__TL-1-12_utilization.json
147,147,QAOA-R3-12,TL-1-4,0.09802283486494012,0.6945962203637371,utilization_file,hellinger_mean,ibm_torino,1000,0.4828532235939643,0.6368046905316258,d63t36vs6ggc73fibglg,/work/nvme/betu/lily/QOS/ibm_quantum/jobs/util60/fidelity/pair_00147_QAOA-R3-12__TL-1-4.json,/work/nvme/betu/lily/QOS/ibm_quantum/jobs/sweep_util60_00147_QAOA-R3-12__TL-1-4_utilization.json
148,148,HS-1-12,W-STATE-4,0.1082706766917293,0.8352397302976878,utilization_file,hellinger_mean,ibm_torino,1000,0.5333333333333333,0.753092701543498,d63t3c2o8gvs73f3q6ng,/work/nvme/betu/lily/QOS/ibm_quantum/jobs/util60/fidelity/pair_00148_HS-1-12__W-STATE-4.json,/work/nvme/betu/lily/QOS/ibm_quantum/jobs/sweep_util60_00148_HS-1-12__W-STATE-4_utilization.json
149,149,HS-1-12,QAOA-P1-4,0.11428571428571427,0.849939184661766,utilization_file,hellinger_mean,ibm_torino,1000,0.562962962962963,0.7892069032535349,d63t3hns6ggc73fibh70,/work/nvme/betu/lily/QOS/ibm_quantum/jobs/util60/fidelity/pair_00149_HS-1-12__QAOA-P1-4.json,/work/nvme/betu/lily/QOS/ibm_quantum/jobs/sweep_util60_00149_HS-1-12__QAOA-P1-4_utilization.json
150,150,GHZ-4,QAOA-R3-12,0.0957950431634642,0.5921198375491727,utilization_file,hellinger_mean,ibm_torino,1000,0.4718792866941015,0.6088535909760725,d63t3mrtraac73bhmuig,/work/nvme/betu/lily/QOS/ibm_quantum/jobs/util60/fidelity/pair_00150_GHZ-4__QAOA-R3-12.json,/work/nvme/betu/lily/QOS/ibm_quantum/jobs/sweep_util60_00150_GHZ-4__QAOA-R3-12_utilization.json
151,151,BV-10,TL-1-6,0.11578947368421051,0.5145155382188968,utilization_file,hellinger_mean,ibm_torino,1000,0.5703703703703704,0.821960259295101,d63t3qrc4tus73ff1krg,/work/nvme/betu/lily/QOS/ibm_quantum/jobs/util60/fidelity/pair_00151_BV-10__TL-1-6.json,/work/nvme/betu/lily/QOS/ibm_quantum/jobs/sweep_util60_00151_BV-10__TL-1-6_utilization.json
152,152,GHZ-8,QAOA-P1-8,0.09022556390977442,0.8025824429251468,utilization_file,hellinger_mean,ibm_torino,1000,0.4444444444444444,0.8158822749397994,d63t3uvs6ggc73fibhn0,/work/nvme/betu/lily/QOS/ibm_quantum/jobs/util60/fidelity/pair_00152_GHZ-8__QAOA-P1-8.json,/work/nvme/betu/lily/QOS/ibm_quantum/jobs/sweep_util60_00152_GHZ-8__QAOA-P1-8_utilization.json
153,153,GHZ-4,QSVM-12,0.0957950431634642,0.651057119258628,utilization_file,hellinger_mean,ibm_torino,1000,0.4718792866941015,0.5868710040856103,d63t433c4tus73ff1l8g,/work/nvme/betu/lily/QOS/ibm_quantum/jobs/util60/fidelity/pair_00153_GHZ-4__QSVM-12.json,/work/nvme/betu/lily/QOS/ibm_quantum/jobs/sweep_util60_00153_GHZ-4__QSVM-12_utilization.json
154,154,QAOA-R3-8,QSVM-8,0.10776942355889724,0.8234023557183694,utilization_file,hellinger_mean,ibm_torino,1000,0.5308641975308642,0.8288993031675531,d63t48rtraac73bhmv80,/work/nvme/betu/lily/QOS/ibm_quantum/jobs/util60/fidelity/pair_00154_QAOA-R3-8__QSVM-8.json,/work/nvme/betu/lily/QOS/ibm_quantum/jobs/sweep_util60_00154_QAOA-R3-8__QSVM-8_utilization.json
155,155,GHZ-6,TL-1-10,0.09947946790052054,0.8632440111917004,utilization_file,hellinger_mean,ibm_torino,1000,0.49002849002849,0.8307003437941092,d63t4djc4tus73ff1lng,/work/nvme/betu/lily/QOS/ibm_quantum/jobs/util60/fidelity/pair_00155_GHZ-6__TL-1-10.json,/work/nvme/betu/lily/QOS/ibm_quantum/jobs/sweep_util60_00155_GHZ-6__TL-1-10_utilization.json
156,156,TL-1-6,VQE-1-10,0.10902255639097744,0.818055673645866,utilization_file,hellinger_mean,ibm_torino,1000,0.537037037037037,0.8671446080084668,d63t4ins6ggc73fibij0,/work/nvme/betu/lily/QOS/ibm_quantum/jobs/util60/fidelity/pair_00156_TL-1-6__VQE-1-10.json,/work/nvme/betu/lily/QOS/ibm_quantum/jobs/sweep_util60_00156_TL-1-6__VQE-1-10_utilization.json
157,157,VQE-1-10,W-STATE-6,0.11451706188548293,0.8211578124861081,utilization_file,hellinger_mean,ibm_torino,1000,0.5641025641025641,0.8004769278822927,d63t4n3traac73bhmvr0,/work/nvme/betu/lily/QOS/ibm_quantum/jobs/util60/fidelity/pair_00157_VQE-1-10__W-STATE-6.json,/work/nvme/betu/lily/QOS/ibm_quantum/jobs/sweep_util60_00157_VQE-1-10__W-STATE-6_utilization.json
158,158,GHZ-4,QAOA-P1-12,0.09440267335004177,0.5777434941069255,utilization_file,hellinger_mean,ibm_torino,1000,0.4650205761316872,0.4934677344372341,d63t4sao8gvs73f3q8kg,/work/nvme/betu/lily/QOS/ibm_quantum/jobs/util60/fidelity/pair_00158_GHZ-4__QAOA-P1-12.json,/work/nvme/betu/lily/QOS/ibm_quantum/jobs/sweep_util60_00158_GHZ-4__QAOA-P1-12_utilization.json
159,159,TL-1-4,VQE-1-12,0.10526315789473684,0.8322160158501147,utilization_file,hellinger_mean,ibm_torino,1000,0.5185185185185185,0.8090157329429086,d63t58ao8gvs73f3q93g,/work/nvme/betu/lily/QOS/ibm_quantum/jobs/util60/fidelity/pair_00159_TL-1-4__VQE-1-12.json,/work/nvme/betu/lily/QOS/ibm_quantum/jobs/sweep_util60_00159_TL-1-4__VQE-1-12_utilization.json
160,160,QAOA-R3-8,W-STATE-8,0.10275689223057644,0.801138431831901,utilization_file,hellinger_mean,ibm_torino,1000,0.5061728395061728,0.7842290794677432,d63t5hjtraac73bhn0sg,/work/nvme/betu/lily/QOS/ibm_quantum/jobs/util60/fidelity/pair_00160_QAOA-R3-8__W-STATE-8.json,/work/nvme/betu/lily/QOS/ibm_quantum/jobs/sweep_util60_00160_QAOA-R3-8__W-STATE-8_utilization.json
161,161,QSVM-4,W-STATE-12,0.10345864661654133,0.8334939745109886,utilization_file,hellinger_mean,ibm_torino,1000,0.5096296296296297,0.7694658044589886,d63t5ljtraac73bhn12g,/work/nvme/betu/lily/QOS/ibm_quantum/jobs/util60/fidelity/pair_00161_QSVM-4__W-STATE-12.json,/work/nvme/betu/lily/QOS/ibm_quantum/jobs/sweep_util60_00161_QSVM-4__W-STATE-12_utilization.json
162,162,GHZ-6,QAOA-P1-10,0.09022556390977444,0.7880088908365748,utilization_file,hellinger_mean,ibm_torino,1000,0.4444444444444444,0.7474956554135435,d63t5pjc4tus73ff1nfg,/work/nvme/betu/lily/QOS/ibm_quantum/jobs/util60/fidelity/pair_00162_GHZ-6__QAOA-P1-10.json,/work/nvme/betu/lily/QOS/ibm_quantum/jobs/sweep_util60_00162_GHZ-6__QAOA-P1-10_utilization.json
163,163,TL-1-12,VQE-1-4,0.10225563909774435,0.8398719569421054,utilization_file,hellinger_mean,ibm_torino,1000,0.5037037037037037,0.7744483045598158,d63t5tbc4tus73ff1nkg,/work/nvme/betu/lily/QOS/ibm_quantum/jobs/util60/fidelity/pair_00163_TL-1-12__VQE-1-4.json,/work/nvme/betu/lily/QOS/ibm_quantum/jobs/sweep_util60_00163_TL-1-12__VQE-1-4_utilization.json
164,164,QAOA-R3-10,W-STATE-6,0.09473684210526315,0.6812519494462881,utilization_file,hellinger_mean,ibm_torino,1000,0.4666666666666667,0.6904708470612337,d63t61fs6ggc73fibkg0,/work/nvme/betu/lily/QOS/ibm_quantum/jobs/util60/fidelity/pair_00164_QAOA-R3-10__W-STATE-6.json,/work/nvme/betu/lily/QOS/ibm_quantum/jobs/sweep_util60_00164_QAOA-R3-10__W-STATE-6_utilization.json
165,165,QAOA-R3-6,QAOA-R3-10,0.10676691729323308,0.6784274818971066,utilization_file,hellinger_mean,ibm_torino,1000,0.5259259259259259,0.7615738699248649,d63t65bc4tus73ff1ntg,/work/nvme/betu/lily/QOS/ibm_quantum/jobs/util60/fidelity/pair_00165_QAOA-R3-6__QAOA-R3-10.json,/work/nvme/betu/lily/QOS/ibm_quantum/jobs/sweep_util60_00165_QAOA-R3-6__QAOA-R3-10_utilization.json
166,166,BV-8,VQE-1-8,0.10827067669172934,0.4633276059990319,utilization_file,hellinger_mean,ibm_torino,1000,0.5333333333333333,0.814,d63t69ao8gvs73f3qacg,/work/nvme/betu/lily/QOS/ibm_quantum/jobs/util60/fidelity/pair_00166_BV-8__VQE-1-8.json,/work/nvme/betu/lily/QOS/ibm_quantum/jobs/sweep_util60_00166_BV-8__VQE-1-8_utilization.json
167,167,QAOA-P1-4,VQE-1-12,0.11600429645542426,0.8182931704635561,utilization_file,hellinger_mean,ibm_torino,1000,0.5714285714285714,0.8243600829419422,d63t6lfs6ggc73fiblfg,/work/nvme/betu/lily/QOS/ibm_quantum/jobs/util60/fidelity/pair_00167_QAOA-P1-4__VQE-1-12.json,/work/nvme/betu/lily/QOS/ibm_quantum/jobs/sweep_util60_00167_QAOA-P1-4__VQE-1-12_utilization.json
168,168,HS-1-6,QAOA-P1-10,0.0945220193340494,0.8622083947963984,utilization_file,hellinger_mean,ibm_torino,1000,0.4656084656084656,0.7877600201914872,d63t70rtraac73bhn2tg,/work/nvme/betu/lily/QOS/ibm_quantum/jobs/util60/fidelity/pair_00168_HS-1-6__QAOA-P1-10.json,/work/nvme/betu/lily/QOS/ibm_quantum/jobs/sweep_util60_00168_HS-1-6__QAOA-P1-10_utilization.json
169,169,BV-8,QAOA-P1-8,0.08688387635756056,0.5192437762653821,utilization_file,hellinger_mean,ibm_torino,1000,0.4279835390946501,0.854259174619932,d63t76btraac73bhn33g,/work/nvme/betu/lily/QOS/ibm_quantum/jobs/util60/fidelity/pair_00169_BV-8__QAOA-P1-8.json,/work/nvme/betu/lily/QOS/ibm_quantum/jobs/sweep_util60_00169_BV-8__QAOA-P1-8_utilization.json
170,170,GHZ-6,W-STATE-10,0.09022556390977444,0.780197860856658,utilization_file,hellinger_mean,ibm_torino,1000,0.4444444444444444,0.7559439325086559,d63t7afs6ggc73fibmdg,/work/nvme/betu/lily/QOS/ibm_quantum/jobs/util60/fidelity/pair_00170_GHZ-6__W-STATE-10.json,/work/nvme/betu/lily/QOS/ibm_quantum/jobs/sweep_util60_00170_GHZ-6__W-STATE-10_utilization.json
171,171,TL-1-8,W-STATE-8,0.09907120743034056,0.847932959695268,utilization_file,hellinger_mean,ibm_torino,1000,0.4880174291938997,0.8051676035611902,d63t7e3traac73bhn3cg,/work/nvme/betu/lily/QOS/ibm_quantum/jobs/util60/fidelity/pair_00171_TL-1-8__W-STATE-8.json,/work/nvme/betu/lily/QOS/ibm_quantum/jobs/sweep_util60_00171_TL-1-8__W-STATE-8_utilization.json
172,172,QSVM-12,TL-1-4,0.09802283486494012,0.7176396818423254,utilization_file,hellinger_mean,ibm_torino,1000,0.4828532235939643,0.6367381424768925,d63t7q3traac73bhn3q0,/work/nvme/betu/lily/QOS/ibm_quantum/jobs/util60/fidelity/pair_00172_QSVM-12__TL-1-4.json,/work/nvme/betu/lily/QOS/ibm_quantum/jobs/sweep_util60_00172_QSVM-12__TL-1-4_utilization.json
173,173,BV-6,HS-1-10,0.10294968189705031,0.4972224332902831,utilization_file,hellinger_mean,ibm_torino,1000,0.5071225071225072,0.8258735917226581,d63t86qo8gvs73f3qct0,/work/nvme/betu/lily/QOS/ibm_quantum/jobs/util60/fidelity/pair_00173_BV-6__HS-1-10.json,/work/nvme/betu/lily/QOS/ibm_quantum/jobs/sweep_util60_00173_BV-6__HS-1-10_utilization.json
174,174,QAOA-P1-10,QSVM-6,0.10741138560687434,0.8403213160094407,utilization_file,hellinger_mean,ibm_torino,1000,0.5291005291005291,0.7862788583958482,d63t8ivs6ggc73fibo1g,/work/nvme/betu/lily/QOS/ibm_quantum/jobs/util60/fidelity/pair_00174_QAOA-P1-10__QSVM-6.json,/work/nvme/betu/lily/QOS/ibm_quantum/jobs/sweep_util60_00174_QAOA-P1-10__QSVM-6_utilization.json
175,175,VQE-1-12,W-STATE-4,0.1095596133190118,0.7911036275832092,utilization_file,hellinger_mean,ibm_torino,1000,0.5396825396825397,0.7835,d63t8o3c4tus73ff1r4g,/work/nvme/betu/lily/QOS/ibm_quantum/jobs/util60/fidelity/pair_00175_VQE-1-12__W-STATE-4.json,/work/nvme/betu/lily/QOS/ibm_quantum/jobs/sweep_util60_00175_VQE-1-12__W-STATE-4_utilization.json
176,176,QAOA-P1-12,VQE-1-4,0.09523809523809522,0.5769646210391588,utilization_file,hellinger_mean,ibm_torino,1000,0.4691358024691358,0.4955127508923169,d63t93rtraac73bhn5d0,/work/nvme/betu/lily/QOS/ibm_quantum/jobs/util60/fidelity/pair_00176_QAOA-P1-12__VQE-1-4.json,/work/nvme/betu/lily/QOS/ibm_quantum/jobs/sweep_util60_00176_QAOA-P1-12__VQE-1-4_utilization.json
177,177,HS-1-6,VQE-1-10,0.10902255639097744,0.8396353923004828,utilization_file,hellinger_mean,ibm_torino,1000,0.537037037037037,0.8585884902809711,d63t97vs6ggc73fibos0,/work/nvme/betu/lily/QOS/ibm_quantum/jobs/util60/fidelity/pair_00177_HS-1-6__VQE-1-10.json,/work/nvme/betu/lily/QOS/ibm_quantum/jobs/sweep_util60_00177_HS-1-6__VQE-1-10_utilization.json
178,178,BV-4,QSVM-12,0.09690893901420215,0.3140090407049135,utilization_file,hellinger_mean,ibm_torino,1000,0.4773662551440329,0.5873515124854697,d63t9d3c4tus73ff1rvg,/work/nvme/betu/lily/QOS/ibm_quantum/jobs/util60/fidelity/pair_00178_BV-4__QSVM-12.json,/work/nvme/betu/lily/QOS/ibm_quantum/jobs/sweep_util60_00178_BV-4__QSVM-12_utilization.json
179,179,BV-6,QAOA-P1-10,0.09237379162191192,0.39825549871940447,utilization_file,hellinger_mean,ibm_torino,1000,0.455026455026455,0.738710125627111,d63t9orc4tus73ff1sag,/work/nvme/betu/lily/QOS/ibm_quantum/jobs/util60/fidelity/pair_00179_BV-6__QAOA-P1-10.json,/work/nvme/betu/lily/QOS/ibm_quantum/jobs/sweep_util60_00179_BV-6__QAOA-P1-10_utilization.json
180,180,QAOA-R3-6,QSVM-10,0.11637790127492643,0.7900939860802156,utilization_file,hellinger_mean,ibm_torino,1000,0.573268921095008,0.7329921533944104,d63t9sqo8gvs73f3qeo0,/work/nvme/betu/lily/QOS/ibm_quantum/jobs/util60/fidelity/pair_00180_QAOA-R3-6__QSVM-10.json,/work/nvme/betu/lily/QOS/ibm_quantum/jobs/sweep_util60_00180_QAOA-R3-6__QSVM-10_utilization.json
181,181,GHZ-12,QAOA-R3-4,0.08592910848549945,0.8058010397602492,utilization_file,hellinger_mean,ibm_torino,1000,0.4232804232804233,0.8349338643596487,d63ta0jtraac73bhn6c0,/work/nvme/betu/lily/QOS/ibm_quantum/jobs/util60/fidelity/pair_00181_GHZ-12__QAOA-R3-4.json,/work/nvme/betu/lily/QOS/ibm_quantum/jobs/sweep_util60_00181_GHZ-12__QAOA-R3-4_utilization.json
182,182,GHZ-10,QAOA-R3-6,0.08449695667740781,0.776844251443627,utilization_file,hellinger_mean,ibm_torino,1000,0.4162257495590829,0.8320713824126295,d63ta4vs6ggc73fibps0,/work/nvme/betu/lily/QOS/ibm_quantum/jobs/util60/fidelity/pair_00182_GHZ-10__QAOA-R3-6.json,/work/nvme/betu/lily/QOS/ibm_quantum/jobs/sweep_util60_00182_GHZ-10__QAOA-R3-6_utilization.json
183,183,GHZ-8,W-STATE-8,0.09199469261388765,0.757975257148231,utilization_file,hellinger_mean,ibm_torino,1000,0.4531590413943355,0.77149090872632,d63taa7s6ggc73fibq1g,/work/nvme/betu/lily/QOS/ibm_quantum/jobs/util60/fidelity/pair_00183_GHZ-8__W-STATE-8.json,/work/nvme/betu/lily/QOS/ibm_quantum/jobs/sweep_util60_00183_GHZ-8__W-STATE-8_utilization.json
184,184,QAOA-P1-6,VQE-1-10,0.09523809523809522,0.8431110812822078,utilization_file,hellinger_mean,ibm_torino,1000,0.4691358024691358,0.8423322002585981,d63tadvs6ggc73fibq60,/work/nvme/betu/lily/QOS/ibm_quantum/jobs/util60/fidelity/pair_00184_QAOA-P1-6__VQE-1-10.json,/work/nvme/betu/lily/QOS/ibm_quantum/jobs/sweep_util60_00184_QAOA-P1-6__VQE-1-10_utilization.json
185,185,QAOA-R3-4,QSVM-12,0.11361737677527149,0.7046770969081129,utilization_file,hellinger_mean,ibm_torino,1000,0.5596707818930041,0.6191444077347031,d63tahvs6ggc73fibqb0,/work/nvme/betu/lily/QOS/ibm_quantum/jobs/util60/fidelity/pair_00185_QAOA-R3-4__QSVM-12.json,/work/nvme/betu/lily/QOS/ibm_quantum/jobs/sweep_util60_00185_QAOA-R3-4__QSVM-12_utilization.json
186,186,QAOA-P1-6,QAOA-P1-10,0.11385606874328678,0.8308145237201612,utilization_file,hellinger_mean,ibm_torino,1000,0.5608465608465609,0.7835713313625092,d63taljc4tus73ff1tb0,/work/nvme/betu/lily/QOS/ibm_quantum/jobs/util60/fidelity/pair_00186_QAOA-P1-6__QAOA-P1-10.json,/work/nvme/betu/lily/QOS/ibm_quantum/jobs/sweep_util60_00186_QAOA-P1-6__QAOA-P1-10_utilization.json
187,187,QSVM-6,W-STATE-10,0.10741138560687434,0.8506734625784104,utilization_file,hellinger_mean,ibm_torino,1000,0.5291005291005291,0.8042949182062054,d63tapns6ggc73fibqq0,/work/nvme/betu/lily/QOS/ibm_quantum/jobs/util60/fidelity/pair_00187_QSVM-6__W-STATE-10.json,/work/nvme/betu/lily/QOS/ibm_quantum/jobs/sweep_util60_00187_QSVM-6__W-STATE-10_utilization.json
188,188,QAOA-R3-12,QSVM-4,0.10247841826789195,0.6925921633122455,utilization_file,hellinger_mean,ibm_torino,1000,0.50480109739369,0.6310103306006352,d63tatjtraac73bhn7eg,/work/nvme/betu/lily/QOS/ibm_quantum/jobs/util60/fidelity/pair_00188_QAOA-R3-12__QSVM-4.json,/work/nvme/betu/lily/QOS/ibm_quantum/jobs/sweep_util60_00188_QAOA-R3-12__QSVM-4_utilization.json
189,189,TL-1-12,W-STATE-4,0.1082706766917293,0.8236813853874898,utilization_file,hellinger_mean,ibm_torino,1000,0.5333333333333333,0.7701111655486879,d63tb1ao8gvs73f3qg90,/work/nvme/betu/lily/QOS/ibm_quantum/jobs/util60/fidelity/pair_00189_TL-1-12__W-STATE-4.json,/work/nvme/betu/lily/QOS/ibm_quantum/jobs/sweep_util60_00189_TL-1-12__W-STATE-4_utilization.json
190,190,QAOA-R3-10,VQE-1-6,0.08721804511278196,0.7112509609102401,utilization_file,hellinger_mean,ibm_torino,1000,0.4296296296296296,0.702080484520631,d63tb5btraac73bhn7o0,/work/nvme/betu/lily/QOS/ibm_quantum/jobs/util60/fidelity/pair_00190_QAOA-R3-10__VQE-1-6.json,/work/nvme/betu/lily/QOS/ibm_quantum/jobs/sweep_util60_00190_QAOA-R3-10__VQE-1-6_utilization.json
191,191,BV-10,QAOA-P1-6,0.08688387635756056,0.5142022816717581,utilization_file,hellinger_mean,ibm_torino,1000,0.4279835390946502,0.8272299649200261,d63tba3c4tus73ff1u30,/work/nvme/betu/lily/QOS/ibm_quantum/jobs/util60/fidelity/pair_00191_BV-10__QAOA-P1-6.json,/work/nvme/betu/lily/QOS/ibm_quantum/jobs/sweep_util60_00191_BV-10__QAOA-P1-6_utilization.json
192,192,BV-10,QSVM-6,0.09523809523809522,0.5340693911713372,utilization_file,hellinger_mean,ibm_torino,1000,0.4691358024691358,0.851036163411916,d63tbejc4tus73ff1u90,/work/nvme/betu/lily/QOS/ibm_quantum/jobs/util60/fidelity/pair_00192_BV-10__QSVM-6.json,/work/nvme/betu/lily/QOS/ibm_quantum/jobs/sweep_util60_00192_BV-10__QSVM-6_utilization.json
193,193,BV-6,VQE-1-10,0.10526315789473685,0.4443981956314921,utilization_file,hellinger_mean,ibm_torino,1000,0.5185185185185185,0.813512260211283,d63tbjbtraac73bhn8ag,/work/nvme/betu/lily/QOS/ibm_quantum/jobs/util60/fidelity/pair_00193_BV-6__VQE-1-10.json,/work/nvme/betu/lily/QOS/ibm_quantum/jobs/sweep_util60_00193_BV-6__VQE-1-10_utilization.json
194,194,VQE-1-4,VQE-1-12,0.10311493018259935,0.7896487267398946,utilization_file,hellinger_mean,ibm_torino,1000,0.5079365079365079,0.788,d63tbo7s6ggc73fibs50,/work/nvme/betu/lily/QOS/ibm_quantum/jobs/util60/fidelity/pair_00194_VQE-1-4__VQE-1-12.json,/work/nvme/betu/lily/QOS/ibm_quantum/jobs/sweep_util60_00194_VQE-1-4__VQE-1-12_utilization.json
195,195,BV-4,QAOA-R3-12,0.09690893901420215,0.2969334112298675,utilization_file,hellinger_mean,ibm_torino,1000,0.4773662551440329,0.6092322840183064,d63tbsns6ggc73fibsb0,/work/nvme/betu/lily/QOS/ibm_quantum/jobs/util60/fidelity/pair_00195_BV-4__QAOA-R3-12.json,/work/nvme/betu/lily/QOS/ibm_quantum/jobs/sweep_util60_00195_BV-4__QAOA-R3-12_utilization.json
196,196,QAOA-R3-6,TL-1-10,0.09165771571786609,0.8973286175346211,utilization_file,hellinger_mean,ibm_torino,1000,0.4514991181657848,0.8481115688266718,d63tc2fs6ggc73fibsgg,/work/nvme/betu/lily/QOS/ibm_quantum/jobs/util60/fidelity/pair_00196_QAOA-R3-6__TL-1-10.json,/work/nvme/betu/lily/QOS/ibm_quantum/jobs/sweep_util60_00196_QAOA-R3-6__TL-1-10_utilization.json
197,197,QSVM-6,TL-1-10,0.11027568922305762,0.909265542486611,utilization_file,hellinger_mean,ibm_torino,1000,0.5432098765432098,0.8528825956547534,d63tc7rtraac73bhn8ug,/work/nvme/betu/lily/QOS/ibm_quantum/jobs/util60/fidelity/pair_00197_QSVM-6__TL-1-10.json,/work/nvme/betu/lily/QOS/ibm_quantum/jobs/sweep_util60_00197_QSVM-6__TL-1-10_utilization.json
